{"parent":"cart.json","context":{"market":"europese-unie"},"sections":{"testimonials_WdtMhk":{"type":"testimonials","disabled":false,"settings":{"header-fc1ab876b13ba9c25cae74b1b271dc59":null,"color_scheme":"","header-428be45cf68d9783d5f2abffdaeb9419":null,"heading":"<strong>Voyez la différence<\/strong>","heading_size":"h3","header-6ce143d2641099028423a19400572927":null,"paragraph-1b09a1e74e21b18162a5b5a16756d813":null,"heading_highlight_style":"none","subheading":"","description":"","text_size":"text-base","header-bbf72e35bdb04909356863a41e316f38":null,"card_color_scheme":"","card_layout":"1","header-3186f190ceb8f956a3605c3dd398dedb":null,"columns_desktop":3,"column_gap":"extra-large","header-7dbe8d615316b05828a881323e457127":null,"enable_slider":false,"header-431a0835005d25375d8d0589f11b4b80":null,"columns_mobile":"1","swipe_on_mobile":true,"header-dd7a813268d5c76dbdcf5d22025b0867":null,"padding_top":12,"padding_bottom":30,"header-d8dacec4b0ce9722bf8fb9bd2d1a9434":null,"show_section_divider":false,"divider_width":"fixed"},"blocks":{"testimonial_jKHemn":{"type":"testimonial","disabled":false,"settings":{"image":"shopify:\/\/shop_images\/1_AVANT_APRES2.webp","text":"<h6>Je pensais que c’était encore une arnaque de plus, mais je me suis dit que pour le prix ça valait le coup d’essayer. Et bien je ne regrette pas, ça a vraiment atténué une rayure profonde que j’avais depuis des mois. C’est facile à utiliser et ça m’a fait économiser un beau billet chez le carrossier<\/h6>","author":"Jean, 62ans","bio":"Client vérifié ✓","product":"","icon":"5-stars"}},"testimonial_MVAdxj":{"type":"testimonial","disabled":false,"settings":{"image":"shopify:\/\/shop_images\/f_g.png","text":"<h6>Honnêtement j’étais sceptique, surtout vu toutes les pubs qu’on voit passer. Mais j’ai testé sur ma voiture et ça marche mieux que prévu. La peinture est redevenue propre et brillante. Ce n’est pas comme neuf à 100 %, mais franchement à l’œil nu c’est nickel. Très content de mon achat.<\/h6>","author":"Alain, 58ans","bio":"Client vérifié ✓","product":"","icon":"5-stars"}},"testimonial_xXFG8F":{"type":"testimonial","disabled":false,"settings":{"image":"shopify:\/\/shop_images\/tyy.png","text":"<h6>Je me disais que ça ne marcherait pas, comme beaucoup d’autres produits. Et pourtant, j’ai été agréablement surpris. Ma femme m’a même demandé si j’avais refait la carrosserie tellement le résultat est propre. En plus c’est rapide, on gagne du temps et surtout beaucoup d’argent.<\/h6>","author":"Michel, 43ans","bio":"Client vérifié ✓","product":"","icon":"5-stars"}},"testimonial_UbQyAk":{"type":"testimonial","disabled":false,"settings":{"image":"shopify:\/\/shop_images\/rez.png","text":"<h6>Je pensais que ça allait être compliqué à utiliser, mais en fait c’est vraiment simple. Un coup de stylo, on frotte un peu et la rayure s’atténue tout de suite. J’ai évité un rendez-vous chez le carrossier qui m’aurait coûté cher et pris du temps. Là en 2 minutes, c’était réglé. Très pratique d’avoir ça sous la main.<\/h6>","author":"Phillipes, 55ans","bio":"Client vérifié ✓","product":"","icon":"5-stars"}},"testimonial_rQh4NF":{"type":"testimonial","disabled":false,"settings":{"image":"shopify:\/\/shop_images\/tr.png","text":"<h6>J’étais persuadé que sur une voiture rouge ça se verrait toujours, mais j’ai eu une vraie surprise. J’avais une belle rayure sur le côté et après avoir utilisé ce stylo, elle a pratiquement disparu. Franchement à l’œil nu on ne voit plus rien, même en plein soleil. Je suis très content, ça m’a évité une grosse facture.<\/h6>","author":"Laurent, 59ans","bio":"Client vérifié ✓","product":"","icon":"5-stars"}}},"block_order":["testimonial_jKHemn","testimonial_MVAdxj","testimonial_xXFG8F","testimonial_UbQyAk","testimonial_rQh4NF"],"name":"Testimonials"}},"order":["1754962681d828992b","main-cart","custom_liquid_X37XfK","testimonials_WdtMhk"]}