{
  "sections": {
    "breadcrumbs_Gxg9wp": {
      "type": "breadcrumbs",
      "settings": {
        "text_alignment": "center"
      }
    },
    "banner": {
      "type": "main-collection-banner",
      "blocks": {
        "collection_info_zUNyKV": {
          "type": "collection_info",
          "settings": {
            "heading_size": "hd2",
            "heading_tag": "h1",
            "show_description": true,
            "padding_top": 56,
            "padding_bottom": 56
          }
        }
      },
      "block_order": [
        "collection_info_zUNyKV"
      ],
      "custom_css": [

      ],
      "settings": {
        "color_scheme": "scheme-2",
        "image_overlay_opacity": 0,
        "image_position": "right",
        "image_height": "extra-small",
        "text_alignment": "center",
        "enable_parallax": true,
        "parallax_direction": "vertical",
        "image_height_mobile": "auto",
        "padding_top": 0,
        "padding_bottom": 60
      }
    },
    "product-grid": {
      "type": "main-collection-product-grid",
      "custom_css": [

      ],
      "settings": {
        "products_per_page": 15,
        "columns_desktop": 3,
        "pagination": "number",
        "enable_filtering": true,
        "filter_type": "vertical",
        "enable_sorting": true,
        "expand_filter_groups": "Availability, Price, Color, Size, Product type",
        "columns_mobile": "2",
        "padding_top": 0,
        "padding_bottom": 100,
        "show_section_divider": false,
        "divider_width": "fixed"
      }
    }
  },
  "order": [
    "breadcrumbs_Gxg9wp",
    "banner",
    "product-grid"
  ]
}