{"sections":{"slideshow_q3U4Jn":{"type":"slideshow","blocks":{"slide_pEkPxY":{"type":"slide","settings":{"color_scheme":"scheme-10","background":"shopify:\/\/shop_images\/1_BANIERE_fa822cf0-7a64-42da-842c-736364b2af42.webp","background_mobile":"shopify:\/\/shop_images\/baniere.webp","image_overlay_opacity":0,"content_position":"middle-center","text_alignment":"center","title":"","heading_size":"h1","subheading":"","description":"","description_size":"text-sm","button_label":"","button_link":"shopify:\/\/products\/magicar-stylo-efface-rayures","button_style":"btn--secondary"}}},"block_order":["slide_pEkPxY"],"settings":{"container":"full","layout":"centered","slide_height":"adapt","show_dots":false,"autoplay":false,"autoplay_delay":5,"controls_position":"below","show_text_below":false,"text_alignment_mobile":"center","accessibility_info":"Slideshow about our brand"}},"image_gallery_pHahJa":{"type":"image-gallery","blocks":{"image_tnDhEU":{"type":"image","settings":{"image":"shopify:\/\/shop_images\/1_LOGO3.webp","link":""}},"image_RGhNM4":{"type":"image","settings":{"image":"shopify:\/\/shop_images\/1A_LOGO_4.png","link":""}},"image_yCVrnK":{"type":"image","settings":{"image":"shopify:\/\/shop_images\/1_LOGO.webp","link":""}},"image_zdYEPj":{"type":"image","settings":{"image":"shopify:\/\/shop_images\/1_LOGO2_bd7a89e9-0ad8-4b22-8fdb-fd52fb72ee88.webp","link":""}}},"block_order":["image_tnDhEU","image_RGhNM4","image_yCVrnK","image_zdYEPj"],"name":"t:sections.image-gallery.name","settings":{"color_scheme":"","header_layout":"horizontal","heading":"VU SUR","heading_size":"h3","heading_highlight_style":"none","subheading":"","description":"","text_size":"text-base","button_label":"","button_link":"","button_style":"btn--primary","social_media":"none","columns":4,"column_gap":"medium","row_gap":"inherit","image_ratio":"adapt","columns_mobile":"2","swipe_on_mobile":false,"padding_top":26,"padding_bottom":0,"show_section_divider":false,"divider_width":"fixed"}},"product_tabs_8rh7aa":{"type":"product-tabs","blocks":{"tab_xgneTM":{"type":"tab","settings":{"title":"","collection":"nos-meilleures-vente"}}},"block_order":["tab_xgneTM"],"name":"t:sections.product-tabs.presets.name","settings":{"color_scheme":"scheme-1","header_layout":"horizontal","heading":"","heading_size":"h1","heading_highlight_style":"none","limit":2,"columns":4,"column_gap":"none","row_gap":"extra-small","grid_layout":"standard","pcard_image_ratio":"1\/1","columns_mobile":"1","swipe_on_mobile":true,"show_all_button_on_top":true,"button_label":"","button_link":"","button_style":"btn--primary","tabs_nav_style":"design-2","padding_top":50,"padding_bottom":50,"show_section_divider":false,"divider_width":"fixed"}},"slideshow_dJXqib":{"type":"slideshow","blocks":{"slide_G6JH4b":{"type":"slide","settings":{"color_scheme":"","background":"shopify:\/\/shop_images\/gif_opto.webp","background_mobile":"shopify:\/\/shop_images\/gif_opto.webp","image_overlay_opacity":0,"content_position":"middle-center","text_alignment":"center","title":"Des résultats concrets","heading_size":"hd1","subheading":"","description":"<p>Des résultats visibles dès la première application. Les rayures s’estompent en quelques secondes, sans effort.<\/p>","description_size":"text-base","button_label":"Découvre maintenant","button_link":"shopify:\/\/products\/magicar-stylo-efface-rayures","button_style":"btn--primary"}}},"block_order":["slide_G6JH4b"],"name":"t:sections.slideshow.name","settings":{"container":"full","layout":"standard","slide_height":"large","show_dots":false,"autoplay":false,"autoplay_delay":3,"controls_position":"below","show_text_below":true,"text_alignment_mobile":"center","accessibility_info":"Slideshow about our brand"}}},"order":["slideshow_q3U4Jn","image_gallery_pHahJa","product_tabs_8rh7aa","slideshow_dJXqib"]}