{
  "sections": {
    "breadcrumbs_RzgTi9": {
      "type": "breadcrumbs",
      "settings": {
        "text_alignment": "center"
      }
    },
    "main": {
      "type": "main-page",
      "disabled": true,
      "settings": {
        "padding_top": 28,
        "padding_bottom": 28
      }
    },
    "rich_text_rwWQrL": {
      "type": "rich-text",
      "blocks": {
        "heading_GeX69R": {
          "type": "heading",
          "settings": {
            "heading": "Find a Store",
            "heading_size": "hd2"
          }
        },
        "text_nb9hEL": {
          "type": "text",
          "settings": {
            "text": "<p>Have a question or comment? Don't be shy: Reach out and say hi! <br\/>Support hours: Monday-Friday, 7am-3pm<\/p>",
            "text_size": "text-lg"
          }
        }
      },
      "block_order": [
        "heading_GeX69R",
        "text_nb9hEL"
      ],
      "settings": {
        "color_scheme": "",
        "content_alignment": "center",
        "padding_top": 36,
        "padding_bottom": 0
      }
    },
    "store_locator_xYHMFd": {
      "type": "store-locator",
      "blocks": {
        "location_dGAaeF": {
          "type": "location",
          "settings": {
            "image_width": 210,
            "heading": "Store name",
            "heading_size": "h1",
            "text": "<p>shop@yourstore.com<\/p>",
            "button_label": "Button label",
            "button_style": "btn--primary",
            "button_link": ""
          }
        },
        "location_pnPYTi": {
          "type": "location",
          "settings": {
            "image_width": 210,
            "heading": "Store name",
            "heading_size": "h1",
            "text": "<p>shop@yourstore.com<\/p>",
            "button_label": "Button label",
            "button_style": "btn--primary",
            "button_link": ""
          }
        },
        "location_3hWjmp": {
          "type": "location",
          "settings": {
            "image_width": 210,
            "heading": "Store name",
            "heading_size": "h1",
            "text": "<p>shop@yourstore.com<\/p>",
            "button_label": "Button label",
            "button_style": "btn--primary",
            "button_link": ""
          }
        }
      },
      "block_order": [
        "location_dGAaeF",
        "location_pnPYTi",
        "location_3hWjmp"
      ],
      "settings": {
        "color_scheme": "",
        "padding_top": 80,
        "padding_bottom": 100
      }
    }
  },
  "order": [
    "breadcrumbs_RzgTi9",
    "main",
    "rich_text_rwWQrL",
    "store_locator_xYHMFd"
  ]
}
