{"sections":{"main":{"type":"main-page","disabled":true,"settings":{"padding_top":36,"padding_bottom":36}},"form":{"type":"contact-form","blocks":{"custom_field_8AQYaC":{"type":"custom_field","settings":{"field_type":"phone","heading":"Numéro","placeholder":"Votre numéro","required":false,"full_width":true,"select_options":"","checkbox_checked_value":"Yes","checkbox_uncheck_value":"No","radio_options":""}}},"block_order":["custom_field_8AQYaC"],"custom_css":["@media (min-width: 768px) {.card-media {border-radius: 0; }}","@media (max-width: 767px) {.contact-form {padding-block-end: 0; } .contact-form__wrapper {border-radius: 0; margin-left: -1.5rem; margin-right: -1.5rem; } .card-media {padding: 0 1.5rem 4.8rem; }}"],"settings":{"section_color_scheme":"","color_scheme":"scheme-11","heading":"Une question ?","heading_size":"hd2","heading_highlight_style":"none","padding_top":0,"padding_bottom":100,"show_section_divider":false,"divider_width":"fixed"}}},"order":["main","form"]}