{"sections":{"breadcrumbs":{"type":"breadcrumbs","settings":{"text_alignment":"start"}},"main":{"type":"main-product","blocks":{"badges":{"type":"badges","settings":{"show_soldout_badge":true,"show_sale_badge":true,"sale_badge_type":"percentage"}},"title":{"type":"title","settings":{"heading_size":"h1"}},"price":{"type":"price","settings":{}},"description":{"type":"description","settings":{}},"inventory":{"type":"inventory","settings":{"text_style":"body","inventory_threshold":20,"show_inventory_quantity":true}},"variant_picker":{"type":"variant_picker","settings":{"picker_type":"button","swatch_type":"color_swatch","size_title":"Size","size_chart_from_page":""}},"buy_buttons":{"type":"buy_buttons","settings":{"show_quantity_selector":true,"show_dynamic_checkout":true,"show_gift_card_recipient":true}},"icon_with_text":{"type":"icon-with-text","settings":{"layout":"horizontal","title_font":"body","title_size":"text-base","icon_1":"package","heading_1":"Orders over $50 ship free","icon_2":"currency-circle-dollar","heading_2":"30 day returns","icon_3":"star-four","heading_3":""}},"pickup_availability":{"type":"pickup_availability","settings":{}},"complementary":{"type":"complementary","settings":{"block_heading":"Pairs well with","make_collapsible_row":false,"icon":"tag","product_list_limit":4,"products_per_page":1,"image_ratio":"adapt","enable_quick_add":true}},"collapsible-row-1":{"type":"collapsible_tab","settings":{"heading":"Collapsible tab heading","icon":"none","content":"<p>Fill in the text content of the collapsible item here. You can provide details and explanation for the question here.<\/p>","page":"","default_open":false}},"collapsible-row-2":{"type":"collapsible_tab","settings":{"heading":"Collapsible tab heading","icon":"none","content":"<p>Fill in the text content of the collapsible item here. You can provide details and explanation for the question here.<\/p>","page":"","default_open":false}},"collapsible-row-3":{"type":"collapsible_tab","settings":{"heading":"Collapsible tab heading","icon":"none","content":"<p>Fill in the text content of the collapsible item here. You can provide details and explanation for the question here.<\/p>","page":"","default_open":false}},"addons":{"type":"addons","settings":{"show_share":true,"show_ask_question":true}}},"block_order":["badges","title","price","description","inventory","variant_picker","buy_buttons","icon_with_text","pickup_availability","complementary","collapsible-row-1","collapsible-row-2","collapsible-row-3","addons"],"settings":{"color_scheme":"scheme-1","enable_sticky_info":true,"media_size":"large","gallery_layout":"vertical-carousel","mobile_thumbnails":"hide","enable_image_zoom":true,"enable_video_looping":true,"padding_top":0,"padding_bottom":100}},"testimonials_8JHr3L":{"type":"testimonials","blocks":{"testimonial_dhi3Xf":{"type":"testimonial","settings":{"text":"<p>Add customer reviews and testimonials to showcase your store’s happy customers.<\/p>","author":"Author's name","bio":"","icon":"none"}},"testimonial_D7Mq7i":{"type":"testimonial","settings":{"text":"<p>Add customer reviews and testimonials to showcase your store’s happy customers.<\/p>","author":"Author's name","bio":"","icon":"none"}},"testimonial_33tAjm":{"type":"testimonial","settings":{"text":"<p>Add customer reviews and testimonials to showcase your store’s happy customers.<\/p>","author":"Author's name","bio":"","icon":"none"}},"testimonial_dDRMwy":{"type":"testimonial","settings":{"text":"<p>Add customer reviews and testimonials to showcase your store’s happy customers.<\/p>","author":"Author's name","bio":"","icon":"none"}},"testimonial_RgfDDw":{"type":"testimonial","settings":{"text":"<p>Add customer reviews and testimonials to showcase your store’s happy customers.<\/p>","author":"Author's name","bio":"","icon":"none"}},"testimonial_abi6JN":{"type":"testimonial","settings":{"text":"<p>Add customer reviews and testimonials to showcase your store’s happy customers.<\/p>","author":"Author's name","bio":"","icon":"none"}},"testimonial_FqARUL":{"type":"testimonial","settings":{"text":"<p>Add customer reviews and testimonials to showcase your store’s happy customers.<\/p>","author":"Author's name","bio":"","icon":"none"}}},"block_order":["testimonial_dhi3Xf","testimonial_D7Mq7i","testimonial_33tAjm","testimonial_dDRMwy","testimonial_RgfDDw","testimonial_abi6JN"],"settings":{"color_scheme":"scheme-2","heading":"Testimonials","heading_size":"h2","subheading":"","description":"","text_size":"text-base","card_color_scheme":"","card_layout":"1","columns_desktop":4,"column_gap":"medium","enable_slider":true,"columns_mobile":"1","swipe_on_mobile":true,"padding_top":100,"padding_bottom":100,"show_section_divider":false,"divider_width":"fixed"}},"feature_list_cW3d9c":{"type":"feature-list","blocks":{"feature_item_VbCwL3":{"type":"feature_item","settings":{"icon":"check","text":"Feature item"}},"feature_item_NzxQGa":{"type":"feature_item","settings":{"icon":"check","text":"Feature item"}},"feature_item_yyNV9A":{"type":"feature_item","settings":{"icon":"check","text":"Feature item"}},"feature_item_gBgLft":{"type":"feature_item","settings":{"icon":"check","text":"Feature item"}},"feature_item_R8A8eX":{"type":"feature_item","settings":{"icon":"check","text":"Feature item"}}},"block_order":["feature_item_VbCwL3","feature_item_NzxQGa","feature_item_yyNV9A","feature_item_gBgLft","feature_item_R8A8eX"],"settings":{"color_scheme":"scheme-7","subheading":"","heading":"","heading_size":"h2","description":"","text_size":"text-base","item_alignment":"center","icon_size":"extra-medium","swipe_on_mobile":true,"padding_top":100,"padding_bottom":0,"show_section_divider":false,"divider_width":"fixed"}},"rich_text_7rBwdd":{"type":"rich-text","blocks":{"heading_cUbnWW":{"type":"heading","settings":{"heading":"Talk about your brand","heading_size":"h1"}}},"block_order":["heading_cUbnWW"],"settings":{"color_scheme":"","content_alignment":"center","padding_top":60,"padding_bottom":0,"show_section_divider":false,"divider_width":"fixed"}},"image_with_text_MgddA8":{"type":"image-with-text","blocks":{"subheading_XLgqVJ":{"type":"subheading","settings":{"subheading":"Add a tagline"}},"heading_J7mctK":{"type":"heading","settings":{"heading":"Talk about your brand","heading_size":"h1"}},"text_A3Dahr":{"type":"text","settings":{"text":"<p>Pair text with an image to focus on your chosen product, collection, or blog post. Add details on availability, style, or even provide a review.<\/p>","text_size":"text-lg"}}},"block_order":["subheading_XLgqVJ","heading_J7mctK","text_A3Dahr"],"settings":{"section_color_scheme":"","color_scheme":"scheme-2","image_height":"adapt","layout":"text_first","desktop_content_position":"center","desktop_content_alignment":"center","enable_parallax":false,"parallax_direction":"vertical","mobile_content_alignment":"left","padding_top":100,"padding_bottom":0,"show_section_divider":false,"divider_width":"fixed"}},"multicolumn_Mxt4d3":{"type":"multicolumn","blocks":{"column_ppme79":{"type":"column","settings":{"image_width":"large","title":"Column","text":"<p>Pair text with an image to focus on your chosen product, collection, or blog post. Add details on availability, style, or even provide a review.<\/p>","text_size":"text-base","button_label":"","button_style":"btn--underline","button_link":""}},"column_6eYcFq":{"type":"column","settings":{"image_width":"large","title":"Column","text":"<p>Pair text with an image to focus on your chosen product, collection, or blog post. Add details on availability, style, or even provide a review.<\/p>","text_size":"text-base","button_label":"","button_style":"btn--underline","button_link":""}},"column_6mMR7m":{"type":"column","settings":{"image_width":"large","title":"Column","text":"<p>Pair text with an image to focus on your chosen product, collection, or blog post. Add details on availability, style, or even provide a review.<\/p>","text_size":"text-base","button_label":"","button_style":"btn--underline","button_link":""}},"column_Lix6qc":{"type":"column","settings":{"image_width":"large","title":"Column","text":"<p>Pair text with an image to focus on your chosen product, collection, or blog post. Add details on availability, style, or even provide a review.<\/p>","text_size":"text-base","button_label":"","button_style":"btn--underline","button_link":""}}},"block_order":["column_ppme79","column_6eYcFq","column_6mMR7m","column_Lix6qc"],"settings":{"color_scheme":"","heading":"","heading_size":"h1","subheading":"","description":"","text_size":"text-base","column_alignment":"center","columns_desktop":4,"column_gap":"large","columns_mobile":"1","swipe_on_mobile":true,"padding_top":80,"padding_bottom":80,"show_section_divider":false,"divider_width":"fixed"}},"collapsible_tabs_phAkEE":{"type":"collapsible-tabs","blocks":{"collapsible_item_eFemDY":{"type":"collapsible_item","settings":{"icon":"none","heading":"Collapsible tab heading","content":"<p>Fill in the text content of the collapsible item here. You can provide details and explanation for the question here.<\/p>","custom_liquid":"","page":"","open":true}},"collapsible_item_RQ3WzW":{"type":"collapsible_item","settings":{"icon":"none","heading":"Collapsible tab heading","content":"<p>Fill in the text content of the collapsible item here. You can provide details and explanation for the question here.<\/p>","custom_liquid":"","page":"","open":false}},"collapsible_item_aKpRFm":{"type":"collapsible_item","settings":{"icon":"none","heading":"Collapsible tab heading","content":"<p>Fill in the text content of the collapsible item here. You can provide details and explanation for the question here.<\/p>","custom_liquid":"","page":"","open":false}},"collapsible_item_3c4PkF":{"type":"collapsible_item","settings":{"icon":"none","heading":"Collapsible tab heading","content":"<p>Fill in the text content of the collapsible item here. You can provide details and explanation for the question here.<\/p>","custom_liquid":"","page":"","open":false}}},"block_order":["collapsible_item_eFemDY","collapsible_item_RQ3WzW","collapsible_item_aKpRFm","collapsible_item_3c4PkF"],"settings":{"container":"narrow","color_scheme":"","header_layout":"vertical","heading":"Collapsible tabs","heading_size":"h1","subheading":"","description":"","button_label":"","button_link":"","button_style":"btn--primary","column_gap":"large","row_gap":"inherit","item_style":"standard","item_color_scheme":"","item_heading_font":"heading","item_heading_size":"h4","padding_top":96,"padding_bottom":100,"show_section_divider":true,"divider_width":"fixed"}},"scrolling_promotion_WAekUk":{"type":"scrolling-promotion","blocks":{"text_P4JyaD":{"type":"text","settings":{"text":"Tell customers about a promotion","text_link":"","text_size":"h1","font_weight":"font-heading","font_style":"normal","letter_spacing":0,"text_style":"normal"}},"html_XAthVt":{"type":"html","settings":{"html":"<div class=\"flex items-center\"><div style=\"display: block;width: 6.4rem;height: 1px; background: #000\"> <\/div><\/div>"}},"text_QpjN3F":{"type":"text","settings":{"text":"Tell customers about a promotion","text_link":"","text_size":"h1","font_weight":"font-heading","font_style":"normal","letter_spacing":0,"text_style":"normal"}},"html_ADnizU":{"type":"html","settings":{"html":"<div class=\"flex items-center\"><div style=\"display: block;width: 6.4rem;height: 1px; background: #000\"> <\/div><\/div>"}},"text_WiAYMn":{"type":"text","settings":{"text":"Tell customers about a promotion","text_link":"","text_size":"h1","font_weight":"font-heading","font_style":"normal","letter_spacing":0,"text_style":"normal"}},"html_4bNp7y":{"type":"html","settings":{"html":"<div class=\"flex items-center\"><div style=\"display: block;width: 6.4rem;height: 1px; background: #000\"> <\/div><\/div>"}}},"block_order":["text_P4JyaD","html_XAthVt","text_QpjN3F","html_ADnizU","text_WiAYMn","html_4bNp7y"],"settings":{"color_scheme":"scheme-6","vertical_alignment":"center","direction":"left","pause_on_hover":true,"speed":0.5,"h_spacing":30,"v_spacing":0,"padding_top":40,"padding_bottom":40,"show_divider":false,"divider_layout":"vertical"}},"video_with_text_rRVqrq":{"type":"video-with-text","blocks":{"subheading_MCECPj":{"type":"subheading","settings":{"subheading":"Add a tagline"}},"heading_kpxn8L":{"type":"heading","settings":{"heading":"Talk about your brand","heading_size":"h1"}},"text_UVPHCm":{"type":"text","settings":{"text":"<p>Pair text with an video to focus on your chosen product, collection, or blog post. Add details on availability, style, or even provide a review.<\/p>","text_size":"text-lg"}}},"block_order":["subheading_MCECPj","heading_kpxn8L","text_UVPHCm"],"settings":{"color_scheme":"","video_url":"https:\/\/www.youtube.com\/watch?v=_9VUPq3SxOc","video_ratio":"1\/1","description":"","enable_video_autoplay":true,"enable_video_looping":true,"video_placement":"first","enable_parallax":false,"parallax_direction":"vertical","text_alignment":"center","padding_top":100,"padding_bottom":100,"show_section_divider":false,"divider_width":"full"}},"related-products":{"type":"related-products","settings":{"color_scheme":"scheme-1","heading":"You may also like","heading_size":"h2","subheading":"","description":"","limit":6,"columns":4,"column_gap":"extra-small","row_gap":"inherit","enable_slider":true,"pcard_image_ratio":"","columns_mobile":"2","swipe_on_mobile":true,"padding_top":0,"padding_bottom":100,"show_section_divider":false,"divider_width":"fixed"}}},"order":["breadcrumbs","main","testimonials_8JHr3L","feature_list_cW3d9c","rich_text_7rBwdd","image_with_text_MgddA8","multicolumn_Mxt4d3","collapsible_tabs_phAkEE","scrolling_promotion_WAekUk","video_with_text_rRVqrq","related-products"]}