{"sections":{"slideshow_xTE93J":{"type":"slideshow","blocks":{"slide_K9dGmP":{"type":"slide","settings":{"color_scheme":"scheme-10","background":"shopify:\/\/shop_images\/1_BANIERE_fa822cf0-7a64-42da-842c-736364b2af42.webp","background_mobile":"shopify:\/\/shop_images\/baniere.webp","image_overlay_opacity":0,"content_position":"middle-center","text_alignment":"center","title":"","heading_size":"h1","subheading":"","description":"","description_size":"text-sm","button_label":"","button_link":"shopify:\/\/products\/magicar-stylo-efface-rayures","button_style":"btn--secondary"}}},"block_order":["slide_K9dGmP"],"settings":{"container":"full","layout":"centered","slide_height":"adapt","show_dots":false,"autoplay":false,"autoplay_delay":5,"controls_position":"below","show_text_below":true,"text_alignment_mobile":"center","accessibility_info":"Slideshow about our brand"}},"scrolling_promotion_jC3ptW":{"type":"scrolling-promotion","blocks":{"image_9GJXDW":{"type":"image","settings":{"image":"shopify:\/\/shop_images\/1_LOGO2_bd7a89e9-0ad8-4b22-8fdb-fd52fb72ee88.webp","image_height":20,"image_rounded":false,"image_link":"","image_height_mobile":40}},"image_RPqGfW":{"type":"image","settings":{"image":"shopify:\/\/shop_images\/1_LOGO3.webp","image_height":120,"image_rounded":false,"image_link":"","image_height_mobile":40}},"image_DAAgmG":{"type":"image","settings":{"image":"shopify:\/\/shop_images\/1A_LOGO_4.png","image_height":120,"image_rounded":false,"image_link":"","image_height_mobile":40}},"image_czHnhG":{"type":"image","settings":{"image":"shopify:\/\/shop_images\/1_LOGO.webp","image_height":120,"image_rounded":false,"image_link":"","image_height_mobile":40}}},"block_order":["image_9GJXDW","image_RPqGfW","image_DAAgmG","image_czHnhG"],"name":"t:sections.scrolling-promotion.presets.name","settings":{"color_scheme":"","vertical_alignment":"center","direction":"left","pause_on_hover":false,"speed":0.5,"h_spacing":20,"v_spacing":10,"padding_top":0,"padding_bottom":0,"show_divider":false,"divider_layout":"vertical"}},"image_gallery_JQGFtd":{"type":"image-gallery","blocks":{"image_aW93rF":{"type":"image","settings":{"image":"shopify:\/\/shop_images\/1_LOGO3.webp","link":""}},"image_34aCLN":{"type":"image","settings":{"image":"shopify:\/\/shop_images\/1A_LOGO_4.png","link":""}},"image_mNPGfc":{"type":"image","settings":{"image":"shopify:\/\/shop_images\/1_LOGO.webp","link":""}},"image_mYcw7B":{"type":"image","settings":{"image":"shopify:\/\/shop_images\/1_LOGO2_bd7a89e9-0ad8-4b22-8fdb-fd52fb72ee88.webp","link":""}}},"block_order":["image_aW93rF","image_34aCLN","image_mNPGfc","image_mYcw7B"],"disabled":true,"name":"t:sections.image-gallery.name","settings":{"color_scheme":"","header_layout":"horizontal","heading":"vu sur :","heading_size":"h1","heading_highlight_style":"none","subheading":"","description":"","text_size":"text-base","button_label":"","button_link":"","button_style":"btn--primary","social_media":"none","columns":4,"column_gap":"medium","row_gap":"none","image_ratio":"adapt","columns_mobile":"2","swipe_on_mobile":false,"padding_top":0,"padding_bottom":0,"show_section_divider":false,"divider_width":"fixed"}},"slideshow_Xc7rJ8":{"type":"slideshow","blocks":{"slide_K64faN":{"type":"slide","settings":{"color_scheme":"","background":"shopify:\/\/shop_images\/Elimine-les-poches-instantanement.webp","background_mobile":"shopify:\/\/shop_images\/aaaaz.webp","image_overlay_opacity":0,"content_position":"middle-center","text_alignment":"center","title":"","heading_size":"hd1","subheading":"","description":"","description_size":"text-base","button_label":"","button_link":"","button_style":"btn--primary"}}},"block_order":["slide_K64faN"],"name":"t:sections.slideshow.name","settings":{"container":"full","layout":"standard","slide_height":"adapt","show_dots":false,"autoplay":false,"autoplay_delay":3,"controls_position":"bottom","show_text_below":false,"text_alignment_mobile":"center","accessibility_info":"Slideshow about our brand"}},"rich_text_xte9Wm":{"type":"rich-text","blocks":{"heading_hcQabx":{"type":"heading","settings":{"heading":"Application ultra-simple , un seul geste suffit<strong> :<\/strong>","heading_size":"h1","heading_highlight_style":"underline"}}},"block_order":["heading_hcQabx"],"name":"t:sections.rich-text.presets.name","settings":{"color_scheme":"","content_alignment":"center","padding_top":24,"padding_bottom":10,"show_section_divider":false,"divider_width":"fixed"}},"slideshow_XHzfwU":{"type":"slideshow","blocks":{"slide_ViMp9U":{"type":"slide","settings":{"color_scheme":"","background":"shopify:\/\/shop_images\/gif_opto.webp","background_mobile":"shopify:\/\/shop_images\/gif_opto.webp","image_overlay_opacity":0,"content_position":"middle-center","text_alignment":"center","title":"","heading_size":"hd1","subheading":"","description":"","description_size":"text-base","button_label":"","button_link":"","button_style":"btn--primary"}}},"block_order":["slide_ViMp9U"],"name":"t:sections.slideshow.name","settings":{"container":"fixed","layout":"standard","slide_height":"medium","show_dots":true,"autoplay":false,"autoplay_delay":3,"controls_position":"bottom","show_text_below":false,"text_alignment_mobile":"center","accessibility_info":"Slideshow about our brand"}},"testimonials_yD7qAV":{"type":"testimonials","blocks":{"testimonial_KtLjVE":{"type":"testimonial","settings":{"image":"shopify:\/\/shop_images\/f_g.png","text":"","author":"","bio":"","product":"","icon":"none"}},"testimonial_RrfcWJ":{"type":"testimonial","settings":{"image":"shopify:\/\/shop_images\/tyy.png","text":"","author":"","bio":"","product":"","icon":"none"}},"testimonial_Axj7FK":{"type":"testimonial","settings":{"image":"shopify:\/\/shop_images\/hy.png","text":"","author":"","bio":"","product":"","icon":"none"}},"testimonial_FptNiA":{"type":"testimonial","settings":{"image":"shopify:\/\/shop_images\/tr.png","text":"","author":"","bio":"","product":"","icon":"none"}},"testimonial_pLeH94":{"type":"testimonial","settings":{"image":"shopify:\/\/shop_images\/oiu.png","text":"","author":"","bio":"","product":"","icon":"none"}},"testimonial_c7Hkrw":{"type":"testimonial","settings":{"image":"shopify:\/\/shop_images\/rez.png","text":"","author":"","bio":"","product":"","icon":"none"}},"testimonial_JnMqkc":{"type":"testimonial","settings":{"image":"shopify:\/\/shop_images\/bdfbfd.png","text":"","author":"","bio":"","product":"","icon":"none"}}},"block_order":["testimonial_KtLjVE","testimonial_RrfcWJ","testimonial_Axj7FK","testimonial_FptNiA","testimonial_pLeH94","testimonial_c7Hkrw","testimonial_JnMqkc"],"name":"Testimonials","settings":{"color_scheme":"","heading":"Rayure effacée en moins de 2 minutes chrono","heading_size":"h1","heading_highlight_style":"none","subheading":"","description":"","text_size":"text-base","card_color_scheme":"","card_layout":"1","columns_desktop":4,"column_gap":"medium","enable_slider":true,"columns_mobile":"1","swipe_on_mobile":true,"padding_top":12,"padding_bottom":0,"show_section_divider":false,"divider_width":"fixed"}},"custom_liquid_hag7Wx":{"type":"custom-liquid","name":"t:sections.custom-liquid.presets.name","settings":{"custom_liquid":"<style>\n  \/* ====== CONTENEUR GLOBAL (centré, sans marge\/padding vertical) ====== *\/\n  .trustpilot-reviews-section{\n    display:flex;flex-direction:column;align-items:center;\n    margin:0 auto;padding:0;background:#fff;border-radius:0px;\n    max-width:1200px;width:100%;position:relative;box-sizing:border-box;\n  }\n\n  \/* ====== EN-TÊTE ====== *\/\n  .trustpilot-summary{text-align:center;padding:0 12px;box-sizing:border-box}\n  .trustpilot-summary h2{font-size:32px;font-weight:700;margin:0}\n  .trustpilot-logo{width:90px;display:block;margin:5px auto 0 auto}\n\n  \/* ====== CARROUSEL ====== *\/\n  .carousel-wrap{position:relative;width:100%;display:flex;align-items:center;margin:0}\n  .review-carousel{\n    display:flex;gap:12px;scroll-snap-type:x mandatory;overflow-x:auto;overflow-y:hidden;\n    padding:0 40px;           \/* espace latéral pour flèches *\/\n    margin:0;                 \/* ✅ aucun espace haut\/bas *\/\n    -ms-overflow-style:none;scrollbar-width:none;\n  }\n  .review-carousel::-webkit-scrollbar{display:none}\n\n  \/* ====== CARTES AVIS (homogènes) ====== *\/\n  .review-card{\n    scroll-snap-align:start;\n    width:260px;min-width:260px;height:220px;\n    padding:12px;background:#fff;border:1px solid #eaeaea;border-radius:8px;\n    box-shadow:0 2px 5px rgba(0,0,0,.08);\n    flex-shrink:0;box-sizing:border-box;display:flex;flex-direction:column;\n  }\n  .review-card img{width:70px;display:block;margin:0 0 6px 0}\n  .meta{color:#666;font-size:13px;margin:0 0 2px 0}\n  .review-title{font-size:14px;font-weight:600;margin:0 0 4px 0;display:-webkit-box;-webkit-line-clamp:1;-webkit-box-orient:vertical;overflow:hidden}\n  .review-text{font-size:14px;color:#222;margin:0 0 6px 0;display:-webkit-box;-webkit-line-clamp:3;-webkit-box-orient:vertical;overflow:hidden}\n  .review-author{margin-top:auto;font-size:13px;font-weight:600}\n\n  \/* ====== FLÈCHES ====== *\/\n  .nav-arrow{\n    position:absolute;top:50%;transform:translateY(-50%);\n    width:28px;height:28px;border-radius:50%;border:1px solid #ddd;background:#fff;\n    display:flex;align-items:center;justify-content:center;cursor:pointer;\n    box-shadow:0 2px 6px rgba(0,0,0,.12);padding:0;line-height:0;z-index:20;\n  }\n  .nav-arrow svg{width:14px;height:14px}\n  .arrow-left{left:6px}\n  .arrow-right{right:6px}\n  .nav-arrow:hover{background:#f7f7f7}\n\n  \/* ====== RESPONSIVE ====== *\/\n  @media (max-width:768px){\n    .review-carousel{padding:0 34px}\n    .review-card{width:240px;min-width:240px;height:212px}\n  }\n<\/style>\n\n<div class=\"trustpilot-reviews-section\">\n  <div class=\"trustpilot-summary\">\n    <h2>Nos clients l'ont adopté<\/h2>\n    <img class=\"trustpilot-logo\" src=\"https:\/\/cdn.shopify.com\/s\/files\/1\/0891\/0028\/8264\/files\/Trustpilot_logo.png?v=1727197788\" alt=\"Trustpilot\">\n  <\/div>\n\n  <div class=\"carousel-wrap\">\n    <button type=\"button\" class=\"nav-arrow arrow-left\" onclick=\"scrollReviews(-1)\" aria-label=\"Précédent\">\n      <svg viewBox=\"0 0 24 24\" fill=\"none\"><path d=\"M15 19L8 12L15 5\" stroke=\"#333\" stroke-width=\"2\" stroke-linecap=\"round\" stroke-linejoin=\"round\"\/><\/svg>\n    <\/button>\n\n    <div class=\"review-carousel\" id=\"review-carousel\">\n      <!-- 10 AVIS -->\n      <div class=\"review-card\">\n        <img src=\"https:\/\/cdn.shopify.com\/s\/files\/1\/0891\/0028\/8264\/files\/stars-5.svg?v=1727197779\" alt=\"5 étoiles\">\n        <p class=\"meta\"><strong>Vérifié<\/strong><\/p>\n        <p class=\"review-title\">Rayure effacée en 2 minutes<\/p>\n        <p class=\"review-text\">Application simple, résultat invisible sur ma portière grise. Bluffant.<\/p>\n        <p class=\"review-author\">Caroline M. — 14\/08\/2025<\/p>\n      <\/div>\n\n      <div class=\"review-card\">\n        <img src=\"https:\/\/cdn.shopify.com\/s\/files\/1\/0891\/0028\/8264\/files\/stars-5.svg?v=1727197779\" alt=\"5 étoiles\">\n        <p class=\"meta\"><strong>Vérifié<\/strong><\/p>\n        <p class=\"review-title\">Évite un passage au garage<\/p>\n        <p class=\"review-text\">Facile à utiliser, pas d’outil. J’ai économisé la carrosserie.<\/p>\n        <p class=\"review-author\">Patrick L. — 02\/08\/2025<\/p>\n      <\/div>\n\n      <div class=\"review-card\">\n        <img src=\"https:\/\/cdn.shopify.com\/s\/files\/1\/0891\/0028\/8264\/files\/stars-5.svg?v=1727197779\" alt=\"5 étoiles\">\n        <p class=\"meta\"><strong>Vérifié<\/strong><\/p>\n        <p class=\"review-title\">Pas un gadget<\/p>\n        <p class=\"review-text\">La résine comble vraiment. Plus aucune trace après séchage.<\/p>\n        <p class=\"review-author\">Hélène M. — 26\/07\/2025<\/p>\n      <\/div>\n\n      <div class=\"review-card\">\n        <img src=\"https:\/\/cdn.shopify.com\/s\/files\/1\/0891\/0028\/8264\/files\/stars-5.svg?v=1727197779\" alt=\"5 étoiles\">\n        <p class=\"meta\"><strong>Vérifié<\/strong><\/p>\n        <p class=\"review-title\">Longue rayure sur capot<\/p>\n        <p class=\"review-text\">Résultat propre et durable. Tient après lavage haute pression.<\/p>\n        <p class=\"review-author\">Eric T. — 11\/07\/2025<\/p>\n      <\/div>\n\n      <div class=\"review-card\">\n        <img src=\"https:\/\/cdn.shopify.com\/s\/files\/1\/0891\/0028\/8264\/files\/stars-5.svg?v=1727197779\" alt=\"5 étoiles\">\n        <p class=\"meta\"><strong>Vérifié<\/strong><\/p>\n        <p class=\"review-title\">Stop à la rouille<\/p>\n        <p class=\"review-text\">J’ai traité la jante aussitôt. Plus de trace, finition nette.<\/p>\n        <p class=\"review-author\">Sandra P. — 28\/06\/2025<\/p>\n      <\/div>\n\n      <div class=\"review-card\">\n        <img src=\"https:\/\/cdn.shopify.com\/s\/files\/1\/0891\/0028\/8264\/files\/stars-5.svg?v=1727197779\" alt=\"5 étoiles\">\n        <p class=\"meta\"><strong>Vérifié<\/strong><\/p>\n        <p class=\"review-title\">Résultat immédiat<\/p>\n        <p class=\"review-text\">On voit la différence tout de suite. Très bon rapport qualité\/prix.<\/p>\n        <p class=\"review-author\">Dominique R. — 09\/06\/2025<\/p>\n      <\/div>\n\n      <div class=\"review-card\">\n        <img src=\"https:\/\/cdn.shopify.com\/s\/files\/1\/0891\/0028\/8264\/files\/stars-5.svg?v=1727197779\" alt=\"5 étoiles\">\n        <p class=\"meta\"><strong>Vérifié<\/strong><\/p>\n        <p class=\"review-title\">Compatible gris métal<\/p>\n        <p class=\"review-text\">Aucune différence de teinte. Disparition nette de l’éraflure.<\/p>\n        <p class=\"review-author\">Yann C. — 22\/05\/2025<\/p>\n      <\/div>\n\n      <div class=\"review-card\">\n        <img src=\"https:\/\/cdn.shopify.com\/s\/files\/1\/0891\/0028\/8264\/files\/stars-5.svg?v=1727197779\" alt=\"5 étoiles\">\n        <p class=\"meta\"><strong>Vérifié<\/strong><\/p>\n        <p class=\"review-title\">Prévention corrosion<\/p>\n        <p class=\"review-text\">Traité dès l’apparition : plus de cloques. Je recommande.<\/p>\n        <p class=\"review-author\">Isabelle F. — 06\/05\/2025<\/p>\n      <\/div>\n\n      <div class=\"review-card\">\n        <img src=\"https:\/\/cdn.shopify.com\/s\/files\/1\/0891\/0028\/8264\/files\/stars-5.svg?v=1727197779\" alt=\"5 étoiles\">\n        <p class=\"meta\"><strong>Vérifié<\/strong><\/p>\n        <p class=\"review-title\">J’en ai pris deux<\/p>\n        <p class=\"review-text\">Un pour chaque voiture à la maison. Très pratique.<\/p>\n        <p class=\"review-author\">Marc D. — 19\/04\/2025<\/p>\n      <\/div>\n\n      <div class=\"review-card\">\n        <img src=\"https:\/\/cdn.shopify.com\/s\/files\/1\/0891\/0028\/8264\/files\/stars-5.svg?v=1727197779\" alt=\"5 étoiles\">\n        <p class=\"meta\"><strong>Vérifié<\/strong><\/p>\n        <p class=\"review-title\">Tient au car wash<\/p>\n        <p class=\"review-text\">Après deux lavages, la réparation ne bouge pas.<\/p>\n        <p class=\"review-author\">Nadia S. — 02\/04\/2025<\/p>\n      <\/div>\n    <\/div>\n\n    <button type=\"button\" class=\"nav-arrow arrow-right\" onclick=\"scrollReviews(1)\" aria-label=\"Suivant\">\n      <svg viewBox=\"0 0 24 24\" fill=\"none\"><path d=\"M9 5l7 7-7 7\" stroke=\"#333\" stroke-width=\"2\" stroke-linecap=\"round\" stroke-linejoin=\"round\"\/><\/svg>\n    <\/button>\n  <\/div>\n<\/div>\n\n<script>\n  (function(){\n    const reviewCarousel = document.getElementById('review-carousel');\n    window.scrollReviews = function(dir){\n      const card = reviewCarousel.querySelector('.review-card');\n      const step = card ? (card.offsetWidth + 12) : 300; \/\/ largeur + gap\n      reviewCarousel.scrollBy({ left: dir * step, behavior: 'smooth' });\n    };\n  })();\n<\/script>","color_scheme":"","padding_top":50,"padding_bottom":50}},"testimonials_UCFK9E":{"type":"testimonials","blocks":{"testimonial_7iYGXM":{"type":"testimonial","settings":{"text":"<h6>Je pensais que c’était encore une arnaque de plus, mais je me suis dit que pour le prix ça valait le coup d’essayer. Et bien je ne regrette pas, ça a vraiment atténué une rayure profonde que j’avais depuis des mois. C’est facile à utiliser et ça m’a fait économiser un beau billet chez le carrossier<\/h6>","author":"Jean, 62ans","bio":"Client vérifié ✓","product":"","icon":"5-stars"}},"testimonial_M3e63A":{"type":"testimonial","settings":{"text":"<h6>Honnêtement j’étais sceptique, surtout vu toutes les pubs qu’on voit passer. Mais j’ai testé sur ma voiture et ça marche mieux que prévu. La peinture est redevenue propre et brillante. Ce n’est pas comme neuf à 100 %, mais franchement à l’œil nu c’est nickel. Très content de mon achat.<\/h6>","author":"Alain, 58ans","bio":"Client vérifié ✓","product":"","icon":"5-stars"}},"testimonial_ewGABY":{"type":"testimonial","settings":{"text":"<h6>Je me disais que ça ne marcherait pas, comme beaucoup d’autres produits. Et pourtant, j’ai été agréablement surpris. Ma femme m’a même demandé si j’avais refait la carrosserie tellement le résultat est propre. En plus c’est rapide, on gagne du temps et surtout beaucoup d’argent.<\/h6>","author":"Michel, 43ans","bio":"Client vérifié ✓","product":"","icon":"5-stars"}},"testimonial_DdUMXN":{"type":"testimonial","settings":{"text":"<h6>Je pensais que ça allait être compliqué à utiliser, mais en fait c’est vraiment simple. Un coup de stylo, on frotte un peu et la rayure s’atténue tout de suite. J’ai évité un rendez-vous chez le carrossier qui m’aurait coûté cher et pris du temps. Là en 2 minutes, c’était réglé. Très pratique d’avoir ça sous la main.<\/h6>","author":"Phillipes, 55ans","bio":"Client vérifié ✓","product":"","icon":"5-stars"}},"testimonial_38tQfg":{"type":"testimonial","settings":{"text":"<h6>J’étais persuadé que sur une voiture rouge ça se verrait toujours, mais j’ai eu une vraie surprise. J’avais une belle rayure sur le côté et après avoir utilisé ce stylo, elle a pratiquement disparu. Franchement à l’œil nu on ne voit plus rien, même en plein soleil. Je suis très content, ça m’a évité une grosse facture.<\/h6>","author":"Laurent, 59ans","bio":"Client vérifié ✓","product":"","icon":"5-stars"}}},"block_order":["testimonial_7iYGXM","testimonial_M3e63A","testimonial_ewGABY","testimonial_DdUMXN","testimonial_38tQfg"],"disabled":true,"name":"Testimonials","settings":{"color_scheme":"","heading":"","heading_size":"h3","heading_highlight_style":"none","subheading":"","description":"<h1>Nos clients l'ont adopté<\/h1>","text_size":"text-inherit","card_color_scheme":"","card_layout":"2","columns_desktop":3,"column_gap":"extra-large","enable_slider":false,"columns_mobile":"1","swipe_on_mobile":true,"padding_top":0,"padding_bottom":38,"show_section_divider":false,"divider_width":"fixed"}},"main":{"type":"main-product","blocks":{"custom_liquid_nQDhLR":{"type":"custom_liquid","name":"etoile","settings":{"custom_liquid":"<div id=\"custom-container-rating\" class=\"custom-container-rating\">\n  <div class=\"custom-stars\">\n    <svg xmlns=\"http:\/\/www.w3.org\/2000\/svg\" fill=\"rgba(0,0,0,1)\" viewBox=\"0 0 256 256\" class=\"custom-star-icon\">\n      <title>star<\/title>\n      <path d=\"M234.5,114.38l-45.1,39.36,13.51,58.6a16,16,0,0,1-23.84,17.34l-51.11-31-51,31a16,16,0,0,1-23.84-17.34L66.61,153.8,21.5,114.38a16,16,0,0,1,9.11-28.06l59.46-5.15,23.21-55.36a15.95,15.95,0,0,1,29.44,0h0L166,81.17l59.44,5.15a16,16,0,0,1,9.11,28.06Z\"><\/path>\n    <\/svg>\n    <svg xmlns=\"http:\/\/www.w3.org\/2000\/svg\" fill=\"rgba(0,0,0,1)\" viewBox=\"0 0 256 256\" class=\"custom-star-icon\">\n      <title>star<\/title>\n      <path d=\"M234.5,114.38l-45.1,39.36,13.51,58.6a16,16,0,0,1-23.84,17.34l-51.11-31-51,31a16,16,0,0,1-23.84-17.34L66.61,153.8,21.5,114.38a16,16,0,0,1,9.11-28.06l59.46-5.15,23.21-55.36a15.95,15.95,0,0,1,29.44,0h0L166,81.17l59.44,5.15a16,16,0,0,1,9.11,28.06Z\"><\/path>\n    <\/svg>\n    <svg xmlns=\"http:\/\/www.w3.org\/2000\/svg\" fill=\"rgba(0,0,0,1)\" viewBox=\"0 0 256 256\" class=\"custom-star-icon\">\n      <title>star<\/title>\n      <path d=\"M234.5,114.38l-45.1,39.36,13.51,58.6a16,16,0,0,1-23.84,17.34l-51.11-31-51,31a16,16,0,0,1-23.84-17.34L66.61,153.8,21.5,114.38a16,16,0,0,1,9.11-28.06l59.46-5.15,23.21-55.36a15.95,15.95,0,0,1,29.44,0h0L166,81.17l59.44,5.15a16,16,0,0,1,9.11,28.06Z\"><\/path>\n    <\/svg>\n    <svg xmlns=\"http:\/\/www.w3.org\/2000\/svg\" fill=\"rgba(0,0,0,1)\" viewBox=\"0 0 256 256\" class=\"custom-star-icon\">\n      <title>star<\/title>\n      <path d=\"M234.5,114.38l-45.1,39.36,13.51,58.6a16,16,0,0,1-23.84,17.34l-51.11-31-51,31a16,16,0,0,1-23.84-17.34L66.61,153.8,21.5,114.38a16,16,0,0,1,9.11-28.06l59.46-5.15,23.21-55.36a15.95,15.95,0,0,1,29.44,0h0L166,81.17l59.44,5.15a16,16,0,0,1,9.11,28.06Z\"><\/path>\n    <\/svg>\n    <svg xmlns=\"http:\/\/www.w3.org\/2000\/svg\" fill=\"rgba(0,0,0,1)\" viewBox=\"0 0 256 256\" class=\"custom-star-icon\">\n      <title>star<\/title>\n      <path d=\"M234.5,114.38l-45.1,39.36,13.51,58.6a16,16,0,0,1-23.84,17.34l-51.11-31-51,31a16,16,0,0,1-23.84-17.34L66.61,153.8,21.5,114.38a16,16,0,0,1,9.11-28.06l59.46-5.15,23.21-55.36a15.95,15.95,0,0,1,29.44,0h0L166,81.17l59.44,5.15a16,16,0,0,1,9.11,28.06Z\"><\/path>\n    <\/svg>\n  <\/div>\n  <div class=\"custom-rating-text\">\n    <span>(4.5\/5) • +1000 avis clients <\/span>\n  <\/div>\n<\/div>\n\n<style>\n  #custom-container-rating {\n    display: flex;\n    flex-direction: row;\n    align-items: center;\n    gap: 8px;\n    width: auto;\n  }\n\n  .custom-stars {\n    display: flex;\n    gap: 4px;\n  }\n\n  .custom-star-icon {\n    width: 18px;\n    height: 18px;\n    fill: #000;\n  }\n\n  .custom-rating-text {\n    font-size: 16px;\n    font-weight: 500;\n    color: #222;\n  }\n<\/style>"}},"title":{"type":"title","settings":{"heading_size":"h3"}},"text_K44UcU":{"type":"text","disabled":true,"settings":{"text":"<em>\"MAGICAR a fait des merveilles sur ma carrosserie. Les rayures ont disparu en quelques secondes, sans effort. Ma voiture semble comme neuve. C’est devenu mon réflexe dès qu’un accroc apparaît.\" – Thomas L.<\/em>","text_style":"body"}},"custom_liquid_Y4RyAc":{"type":"custom_liquid","name":"img solde","disabled":true,"settings":{"custom_liquid":"<div style=\"text-align: center; padding:0px;\">\n  <img src=\"https:\/\/cdn.shopify.com\/s\/files\/1\/0936\/1643\/9639\/files\/ee.webp?v=1754973657\" style=\"max-width:100%; height:auto; border-radius:8px;\">\n<\/div>"}},"icon_with_text_my84yP":{"type":"icon-with-text","disabled":true,"settings":{"layout":"horizontal","title_font":"heading","title_size":"h5","icon_1":"check-circle","heading_1":"Économise à chaque usage","icon_2":"check-circle","heading_2":"Résultat immédiat","icon_3":"check-circle","heading_3":"Convient à tous véhicules"}},"text_bDxDP8":{"type":"text","settings":{"text":"","text_style":"body"}},"kaching_bundles_app_block_eMKUn7":{"type":"shopify:\/\/apps\/kaching-bundles\/blocks\/app-block\/6c637362-a106-4a32-94ac-94dcfd68cdb8","settings":{"product":"{{product}}"}},"custom_liquid_deUCyq":{"type":"custom_liquid","settings":{"custom_liquid":"<div style=\"display:flex;align-items:center;\n            font-size:18px;font-weight:700;\n            color:#000000;\">\n  <svg width=\"14\" height=\"14\" viewBox=\"0 0 12 12\" style=\"margin-right:8px;\">\n    <circle cx=\"6\" cy=\"6\" r=\"6\" fill=\"#ffcc00\">\n      <animate attributeName=\"opacity\" values=\"1;0.3;1\" dur=\"2.4s\" repeatCount=\"indefinite\" \/>\n    <\/circle>\n  <\/svg>\n  Dernière chance : 5 stylos restants\n<\/div>"}},"icon_with_text_M3mPnc":{"type":"icon-with-text","settings":{"layout":"horizontal","title_font":"heading","title_size":"h5","icon_1":"truck","heading_1":"Livraison Offerte","icon_2":"none","heading_2":"","icon_3":"none","heading_3":""}},"buy_buttons_AgE3ze":{"type":"buy_buttons","settings":{"show_quantity_selector":true,"show_dynamic_checkout":false,"show_gift_card_recipient":true}},"custom_liquid_aaBbjC":{"type":"custom_liquid","name":"PAIEMENT","settings":{"custom_liquid":"<ul class=\"list list-payment\" role=\"list\"><li class=\"list-payment__item\">\n                  <svg class=\"icon icon--full-color\" xmlns=\"http:\/\/www.w3.org\/2000\/svg\" role=\"img\" aria-labelledby=\"pi-american_express\" viewBox=\"0 0 38 24\" width=\"38\" height=\"24\"><title id=\"pi-american_express\">American Express<\/title><path fill=\"#000\" d=\"M35 0H3C1.3 0 0 1.3 0 3v18c0 1.7 1.4 3 3 3h32c1.7 0 3-1.3 3-3V3c0-1.7-1.4-3-3-3Z\" opacity=\".07\"><\/path><path fill=\"#006FCF\" d=\"M35 1c1.1 0 2 .9 2 2v18c0 1.1-.9 2-2 2H3c-1.1 0-2-.9-2-2V3c0-1.1.9-2 2-2h32Z\"><\/path><path fill=\"#FFF\" d=\"M22.012 19.936v-8.421L37 11.528v2.326l-1.732 1.852L37 17.573v2.375h-2.766l-1.47-1.622-1.46 1.628-9.292-.02Z\"><\/path><path fill=\"#006FCF\" d=\"M23.013 19.012v-6.57h5.572v1.513h-3.768v1.028h3.678v1.488h-3.678v1.01h3.768v1.531h-5.572Z\"><\/path><path fill=\"#006FCF\" d=\"m28.557 19.012 3.083-3.289-3.083-3.282h2.386l1.884 2.083 1.89-2.082H37v.051l-3.017 3.23L37 18.92v.093h-2.307l-1.917-2.103-1.898 2.104h-2.321Z\"><\/path><path fill=\"#FFF\" d=\"M22.71 4.04h3.614l1.269 2.881V4.04h4.46l.77 2.159.771-2.159H37v8.421H19l3.71-8.421Z\"><\/path><path fill=\"#006FCF\" d=\"m23.395 4.955-2.916 6.566h2l.55-1.315h2.98l.55 1.315h2.05l-2.904-6.566h-2.31Zm.25 3.777.875-2.09.873 2.09h-1.748Z\"><\/path><path fill=\"#006FCF\" d=\"M28.581 11.52V4.953l2.811.01L32.84 9l1.456-4.046H37v6.565l-1.74.016v-4.51l-1.644 4.494h-1.59L30.35 7.01v4.51h-1.768Z\"><\/path><\/svg>\n\n                <\/li><li class=\"list-payment__item\">\n                  <svg class=\"icon icon--full-color\" version=\"1.1\" xmlns=\"http:\/\/www.w3.org\/2000\/svg\" role=\"img\" x=\"0\" y=\"0\" width=\"38\" height=\"24\" viewBox=\"0 0 165.521 105.965\" xml:space=\"preserve\" aria-labelledby=\"pi-apple_pay\"><title id=\"pi-apple_pay\">Apple Pay<\/title><path fill=\"#000\" d=\"M150.698 0H14.823c-.566 0-1.133 0-1.698.003-.477.004-.953.009-1.43.022-1.039.028-2.087.09-3.113.274a10.51 10.51 0 0 0-2.958.975 9.932 9.932 0 0 0-4.35 4.35 10.463 10.463 0 0 0-.975 2.96C.113 9.611.052 10.658.024 11.696a70.22 70.22 0 0 0-.022 1.43C0 13.69 0 14.256 0 14.823v76.318c0 .567 0 1.132.002 1.699.003.476.009.953.022 1.43.028 1.036.09 2.084.275 3.11a10.46 10.46 0 0 0 .974 2.96 9.897 9.897 0 0 0 1.83 2.52 9.874 9.874 0 0 0 2.52 1.83c.947.483 1.917.79 2.96.977 1.025.183 2.073.245 3.112.273.477.011.953.017 1.43.02.565.004 1.132.004 1.698.004h135.875c.565 0 1.132 0 1.697-.004.476-.002.952-.009 1.431-.02 1.037-.028 2.085-.09 3.113-.273a10.478 10.478 0 0 0 2.958-.977 9.955 9.955 0 0 0 4.35-4.35c.483-.947.789-1.917.974-2.96.186-1.026.246-2.074.274-3.11.013-.477.02-.954.022-1.43.004-.567.004-1.132.004-1.699V14.824c0-.567 0-1.133-.004-1.699a63.067 63.067 0 0 0-.022-1.429c-.028-1.038-.088-2.085-.274-3.112a10.4 10.4 0 0 0-.974-2.96 9.94 9.94 0 0 0-4.35-4.35A10.52 10.52 0 0 0 156.939.3c-1.028-.185-2.076-.246-3.113-.274a71.417 71.417 0 0 0-1.431-.022C151.83 0 151.263 0 150.698 0z\"><\/path><path fill=\"#FFF\" d=\"M150.698 3.532l1.672.003c.452.003.905.008 1.36.02.793.022 1.719.065 2.583.22.75.135 1.38.34 1.984.648a6.392 6.392 0 0 1 2.804 2.807c.306.6.51 1.226.645 1.983.154.854.197 1.783.218 2.58.013.45.019.9.02 1.36.005.557.005 1.113.005 1.671v76.318c0 .558 0 1.114-.004 1.682-.002.45-.008.9-.02 1.35-.022.796-.065 1.725-.221 2.589a6.855 6.855 0 0 1-.645 1.975 6.397 6.397 0 0 1-2.808 2.807c-.6.306-1.228.511-1.971.645-.881.157-1.847.2-2.574.22-.457.01-.912.017-1.379.019-.555.004-1.113.004-1.669.004H14.801c-.55 0-1.1 0-1.66-.004a74.993 74.993 0 0 1-1.35-.018c-.744-.02-1.71-.064-2.584-.22a6.938 6.938 0 0 1-1.986-.65 6.337 6.337 0 0 1-1.622-1.18 6.355 6.355 0 0 1-1.178-1.623 6.935 6.935 0 0 1-.646-1.985c-.156-.863-.2-1.788-.22-2.578a66.088 66.088 0 0 1-.02-1.355l-.003-1.327V14.474l.002-1.325a66.7 66.7 0 0 1 .02-1.357c.022-.792.065-1.717.222-2.587a6.924 6.924 0 0 1 .646-1.981c.304-.598.7-1.144 1.18-1.623a6.386 6.386 0 0 1 1.624-1.18 6.96 6.96 0 0 1 1.98-.646c.865-.155 1.792-.198 2.586-.22.452-.012.905-.017 1.354-.02l1.677-.003h135.875\"><\/path><g><g><path fill=\"#000\" d=\"M43.508 35.77c1.404-1.755 2.356-4.112 2.105-6.52-2.054.102-4.56 1.355-6.012 3.112-1.303 1.504-2.456 3.959-2.156 6.266 2.306.2 4.61-1.152 6.063-2.858\"><\/path><path fill=\"#000\" d=\"M45.587 39.079c-3.35-.2-6.196 1.9-7.795 1.9-1.6 0-4.049-1.8-6.698-1.751-3.447.05-6.645 2-8.395 5.1-3.598 6.2-.95 15.4 2.55 20.45 1.699 2.5 3.747 5.25 6.445 5.151 2.55-.1 3.549-1.65 6.647-1.65 3.097 0 3.997 1.65 6.696 1.6 2.798-.05 4.548-2.5 6.247-5 1.95-2.85 2.747-5.6 2.797-5.75-.05-.05-5.396-2.101-5.446-8.251-.05-5.15 4.198-7.6 4.398-7.751-2.399-3.548-6.147-3.948-7.447-4.048\"><\/path><\/g><g><path fill=\"#000\" d=\"M78.973 32.11c7.278 0 12.347 5.017 12.347 12.321 0 7.33-5.173 12.373-12.529 12.373h-8.058V69.62h-5.822V32.11h14.062zm-8.24 19.807h6.68c5.07 0 7.954-2.729 7.954-7.46 0-4.73-2.885-7.434-7.928-7.434h-6.706v14.894z\"><\/path><path fill=\"#000\" d=\"M92.764 61.847c0-4.809 3.665-7.564 10.423-7.98l7.252-.442v-2.08c0-3.04-2.001-4.704-5.562-4.704-2.938 0-5.07 1.507-5.51 3.82h-5.252c.157-4.86 4.731-8.395 10.918-8.395 6.654 0 10.995 3.483 10.995 8.89v18.663h-5.38v-4.497h-.13c-1.534 2.937-4.914 4.782-8.579 4.782-5.406 0-9.175-3.222-9.175-8.057zm17.675-2.417v-2.106l-6.472.416c-3.64.234-5.536 1.585-5.536 3.95 0 2.288 1.975 3.77 5.068 3.77 3.95 0 6.94-2.522 6.94-6.03z\"><\/path><path fill=\"#000\" d=\"M120.975 79.652v-4.496c.364.051 1.247.103 1.715.103 2.573 0 4.029-1.09 4.913-3.899l.52-1.663-9.852-27.293h6.082l6.863 22.146h.13l6.862-22.146h5.927l-10.216 28.67c-2.34 6.577-5.017 8.735-10.683 8.735-.442 0-1.872-.052-2.261-.157z\"><\/path><\/g><\/g><\/svg>\n\n                <\/li><li class=\"list-payment__item\">\n                  <svg class=\"icon icon--full-color\" xmlns=\"http:\/\/www.w3.org\/2000\/svg\" role=\"img\" viewBox=\"0 0 38 24\" width=\"38\" height=\"24\" aria-labelledby=\"pi-google_pay\"><title id=\"pi-google_pay\">Google Pay<\/title><path d=\"M35 0H3C1.3 0 0 1.3 0 3v18c0 1.7 1.4 3 3 3h32c1.7 0 3-1.3 3-3V3c0-1.7-1.4-3-3-3z\" fill=\"#000\" opacity=\".07\"><\/path><path d=\"M35 1c1.1 0 2 .9 2 2v18c0 1.1-.9 2-2 2H3c-1.1 0-2-.9-2-2V3c0-1.1.9-2 2-2h32\" fill=\"#FFF\"><\/path><path d=\"M18.093 11.976v3.2h-1.018v-7.9h2.691a2.447 2.447 0 0 1 1.747.692 2.28 2.28 0 0 1 .11 3.224l-.11.116c-.47.447-1.098.69-1.747.674l-1.673-.006zm0-3.732v2.788h1.698c.377.012.741-.135 1.005-.404a1.391 1.391 0 0 0-1.005-2.354l-1.698-.03zm6.484 1.348c.65-.03 1.286.188 1.778.613.445.43.682 1.03.65 1.649v3.334h-.969v-.766h-.049a1.93 1.93 0 0 1-1.673.931 2.17 2.17 0 0 1-1.496-.533 1.667 1.667 0 0 1-.613-1.324 1.606 1.606 0 0 1 .613-1.336 2.746 2.746 0 0 1 1.698-.515c.517-.02 1.03.093 1.49.331v-.208a1.134 1.134 0 0 0-.417-.901 1.416 1.416 0 0 0-.98-.368 1.545 1.545 0 0 0-1.319.717l-.895-.564a2.488 2.488 0 0 1 2.182-1.06zM23.29 13.52a.79.79 0 0 0 .337.662c.223.176.5.269.785.263.429-.001.84-.17 1.146-.472.305-.286.478-.685.478-1.103a2.047 2.047 0 0 0-1.324-.374 1.716 1.716 0 0 0-1.03.294.883.883 0 0 0-.392.73zm9.286-3.75l-3.39 7.79h-1.048l1.281-2.728-2.224-5.062h1.103l1.612 3.885 1.569-3.885h1.097z\" fill=\"#5F6368\"><\/path><path d=\"M13.986 11.284c0-.308-.024-.616-.073-.92h-4.29v1.747h2.451a2.096 2.096 0 0 1-.9 1.373v1.134h1.464a4.433 4.433 0 0 0 1.348-3.334z\" fill=\"#4285F4\"><\/path><path d=\"M9.629 15.721a4.352 4.352 0 0 0 3.01-1.097l-1.466-1.14a2.752 2.752 0 0 1-4.094-1.44H5.577v1.17a4.53 4.53 0 0 0 4.052 2.507z\" fill=\"#34A853\"><\/path><path d=\"M7.079 12.05a2.709 2.709 0 0 1 0-1.735v-1.17H5.577a4.505 4.505 0 0 0 0 4.075l1.502-1.17z\" fill=\"#FBBC04\"><\/path><path d=\"M9.629 8.44a2.452 2.452 0 0 1 1.74.68l1.3-1.293a4.37 4.37 0 0 0-3.065-1.183 4.53 4.53 0 0 0-4.027 2.5l1.502 1.171a2.715 2.715 0 0 1 2.55-1.875z\" fill=\"#EA4335\"><\/path><\/svg>\n\n                <\/li><li class=\"list-payment__item\">\n                  <svg class=\"icon icon--full-color\" viewBox=\"0 0 38 24\" xmlns=\"http:\/\/www.w3.org\/2000\/svg\" role=\"img\" width=\"38\" height=\"24\" aria-labelledby=\"pi-master\"><title id=\"pi-master\">Mastercard<\/title><path opacity=\".07\" d=\"M35 0H3C1.3 0 0 1.3 0 3v18c0 1.7 1.4 3 3 3h32c1.7 0 3-1.3 3-3V3c0-1.7-1.4-3-3-3z\"><\/path><path fill=\"#fff\" d=\"M35 1c1.1 0 2 .9 2 2v18c0 1.1-.9 2-2 2H3c-1.1 0-2-.9-2-2V3c0-1.1.9-2 2-2h32\"><\/path><circle fill=\"#EB001B\" cx=\"15\" cy=\"12\" r=\"7\"><\/circle><circle fill=\"#F79E1B\" cx=\"23\" cy=\"12\" r=\"7\"><\/circle><path fill=\"#FF5F00\" d=\"M22 12c0-2.4-1.2-4.5-3-5.7-1.8 1.3-3 3.4-3 5.7s1.2 4.5 3 5.7c1.8-1.2 3-3.3 3-5.7z\"><\/path><\/svg>\n                <\/li><li class=\"list-payment__item\">\n                  <svg class=\"icon icon--full-color\" viewBox=\"0 0 38 24\" xmlns=\"http:\/\/www.w3.org\/2000\/svg\" width=\"38\" height=\"24\" role=\"img\" aria-labelledby=\"pi-paypal\"><title id=\"pi-paypal\">PayPal<\/title><path opacity=\".07\" d=\"M35 0H3C1.3 0 0 1.3 0 3v18c0 1.7 1.4 3 3 3h32c1.7 0 3-1.3 3-3V3c0-1.7-1.4-3-3-3z\"><\/path><path fill=\"#fff\" d=\"M35 1c1.1 0 2 .9 2 2v18c0 1.1-.9 2-2 2H3c-1.1 0-2-.9-2-2V3c0-1.1.9-2 2-2h32\"><\/path><path fill=\"#003087\" d=\"M23.9 8.3c.2-1 0-1.7-.6-2.3-.6-.7-1.7-1-3.1-1h-4.1c-.3 0-.5.2-.6.5L14 15.6c0 .2.1.4.3.4H17l.4-3.4 1.8-2.2 4.7-2.1z\"><\/path><path fill=\"#3086C8\" d=\"M23.9 8.3l-.2.2c-.5 2.8-2.2 3.8-4.6 3.8H18c-.3 0-.5.2-.6.5l-.6 3.9-.2 1c0 .2.1.4.3.4H19c.3 0 .5-.2.5-.4v-.1l.4-2.4v-.1c0-.2.3-.4.5-.4h.3c2.1 0 3.7-.8 4.1-3.2.2-1 .1-1.8-.4-2.4-.1-.5-.3-.7-.5-.8z\"><\/path><path fill=\"#012169\" d=\"M23.3 8.1c-.1-.1-.2-.1-.3-.1-.1 0-.2 0-.3-.1-.3-.1-.7-.1-1.1-.1h-3c-.1 0-.2 0-.2.1-.2.1-.3.2-.3.4l-.7 4.4v.1c0-.3.3-.5.6-.5h1.3c2.5 0 4.1-1 4.6-3.8v-.2c-.1-.1-.3-.2-.5-.2h-.1z\"><\/path><\/svg>\n                <\/li><li class=\"list-payment__item\">\n                  <svg class=\"icon icon--full-color\" xmlns=\"http:\/\/www.w3.org\/2000\/svg\" role=\"img\" viewBox=\"0 0 38 24\" width=\"38\" height=\"24\" aria-labelledby=\"pi-shopify_pay\"><title id=\"pi-shopify_pay\">Shop Pay<\/title><path opacity=\".07\" d=\"M35 0H3C1.3 0 0 1.3 0 3v18c0 1.7 1.4 3 3 3h32c1.7 0 3-1.3 3-3V3c0-1.7-1.4-3-3-3z\" fill=\"#000\"><\/path><path d=\"M35.889 0C37.05 0 38 .982 38 2.182v19.636c0 1.2-.95 2.182-2.111 2.182H2.11C.95 24 0 23.018 0 21.818V2.182C0 .982.95 0 2.111 0H35.89z\" fill=\"#5A31F4\"><\/path><path d=\"M9.35 11.368c-1.017-.223-1.47-.31-1.47-.705 0-.372.306-.558.92-.558.54 0 .934.238 1.225.704a.079.079 0 00.104.03l1.146-.584a.082.082 0 00.032-.114c-.475-.831-1.353-1.286-2.51-1.286-1.52 0-2.464.755-2.464 1.956 0 1.275 1.15 1.597 2.17 1.82 1.02.222 1.474.31 1.474.705 0 .396-.332.582-.993.582-.612 0-1.065-.282-1.34-.83a.08.08 0 00-.107-.035l-1.143.57a.083.083 0 00-.036.111c.454.92 1.384 1.437 2.627 1.437 1.583 0 2.539-.742 2.539-1.98s-1.155-1.598-2.173-1.82v-.003zM15.49 8.855c-.65 0-1.224.232-1.636.646a.04.04 0 01-.069-.03v-2.64a.08.08 0 00-.08-.081H12.27a.08.08 0 00-.08.082v8.194a.08.08 0 00.08.082h1.433a.08.08 0 00.081-.082v-3.594c0-.695.528-1.227 1.239-1.227.71 0 1.226.521 1.226 1.227v3.594a.08.08 0 00.081.082h1.433a.08.08 0 00.081-.082v-3.594c0-1.51-.981-2.577-2.355-2.577zM20.753 8.62c-.778 0-1.507.24-2.03.588a.082.082 0 00-.027.109l.632 1.088a.08.08 0 00.11.03 2.5 2.5 0 011.318-.366c1.25 0 2.17.891 2.17 2.068 0 1.003-.736 1.745-1.669 1.745-.76 0-1.288-.446-1.288-1.077 0-.361.152-.657.548-.866a.08.08 0 00.032-.113l-.596-1.018a.08.08 0 00-.098-.035c-.799.299-1.359 1.018-1.359 1.984 0 1.46 1.152 2.55 2.76 2.55 1.877 0 3.227-1.313 3.227-3.195 0-2.018-1.57-3.492-3.73-3.492zM28.675 8.843c-.724 0-1.373.27-1.845.746-.026.027-.069.007-.069-.029v-.572a.08.08 0 00-.08-.082h-1.397a.08.08 0 00-.08.082v8.182a.08.08 0 00.08.081h1.433a.08.08 0 00.081-.081v-2.683c0-.036.043-.054.069-.03a2.6 2.6 0 001.808.7c1.682 0 2.993-1.373 2.993-3.157s-1.313-3.157-2.993-3.157zm-.271 4.929c-.956 0-1.681-.768-1.681-1.783s.723-1.783 1.681-1.783c.958 0 1.68.755 1.68 1.783 0 1.027-.713 1.783-1.681 1.783h.001z\" fill=\"#fff\"><\/path><\/svg>\n\n                <\/li><li class=\"list-payment__item\">\n                  <svg class=\"icon icon--full-color\" viewBox=\"0 0 38 24\" xmlns=\"http:\/\/www.w3.org\/2000\/svg\" role=\"img\" width=\"38\" height=\"24\" aria-labelledby=\"pi-visa\"><title id=\"pi-visa\">Visa<\/title><path opacity=\".07\" d=\"M35 0H3C1.3 0 0 1.3 0 3v18c0 1.7 1.4 3 3 3h32c1.7 0 3-1.3 3-3V3c0-1.7-1.4-3-3-3z\"><\/path><path fill=\"#fff\" d=\"M35 1c1.1 0 2 .9 2 2v18c0 1.1-.9 2-2 2H3c-1.1 0-2-.9-2-2V3c0-1.1.9-2 2-2h32\"><\/path><path d=\"M28.3 10.1H28c-.4 1-.7 1.5-1 3h1.9c-.3-1.5-.3-2.2-.6-3zm2.9 5.9h-1.7c-.1 0-.1 0-.2-.1l-.2-.9-.1-.2h-2.4c-.1 0-.2 0-.2.2l-.3.9c0 .1-.1.1-.1.1h-2.1l.2-.5L27 8.7c0-.5.3-.7.8-.7h1.5c.1 0 .2 0 .2.2l1.4 6.5c.1.4.2.7.2 1.1.1.1.1.1.1.2zm-13.4-.3l.4-1.8c.1 0 .2.1.2.1.7.3 1.4.5 2.1.4.2 0 .5-.1.7-.2.5-.2.5-.7.1-1.1-.2-.2-.5-.3-.8-.5-.4-.2-.8-.4-1.1-.7-1.2-1-.8-2.4-.1-3.1.6-.4.9-.8 1.7-.8 1.2 0 2.5 0 3.1.2h.1c-.1.6-.2 1.1-.4 1.7-.5-.2-1-.4-1.5-.4-.3 0-.6 0-.9.1-.2 0-.3.1-.4.2-.2.2-.2.5 0 .7l.5.4c.4.2.8.4 1.1.6.5.3 1 .8 1.1 1.4.2.9-.1 1.7-.9 2.3-.5.4-.7.6-1.4.6-1.4 0-2.5.1-3.4-.2-.1.2-.1.2-.2.1zm-3.5.3c.1-.7.1-.7.2-1 .5-2.2 1-4.5 1.4-6.7.1-.2.1-.3.3-.3H18c-.2 1.2-.4 2.1-.7 3.2-.3 1.5-.6 3-1 4.5 0 .2-.1.2-.3.2M5 8.2c0-.1.2-.2.3-.2h3.4c.5 0 .9.3 1 .8l.9 4.4c0 .1 0 .1.1.2 0-.1.1-.1.1-.1l2.1-5.1c-.1-.1 0-.2.1-.2h2.1c0 .1 0 .1-.1.2l-3.1 7.3c-.1.2-.1.3-.2.4-.1.1-.3 0-.5 0H9.7c-.1 0-.2 0-.2-.2L7.9 9.5c-.2-.2-.5-.5-.9-.6-.6-.3-1.7-.5-1.9-.5L5 8.2z\" fill=\"#142688\"><\/path><\/svg>\n                <\/li><\/ul>"}},"gsc_countdown_timer_countdown_CUiR6G":{"type":"shopify:\/\/apps\/gsc-countdown-timer\/blocks\/countdown\/58dc5b1b-43d2-4209-b1f3-52aff31643ed","settings":{"widget_id":"GSC-SMALL-FNxVxSoGUalR"}},"custom_liquid_4YG4wE":{"type":"custom_liquid","settings":{"custom_liquid":"<div style=\"text-align: center; padding:0px;\">\n  <img src=\"https:\/\/cdn.shopify.com\/s\/files\/1\/0936\/1643\/9639\/files\/aaz.webp?v=1755996072\" style=\"max-width:100%; height:auto; border-radius:8px;\">\n<\/div>"}},"custom_liquid_8gfmEB":{"type":"custom_liquid","disabled":true,"settings":{"custom_liquid":"<!-- BADGE URGENCE CENTRÉ -->\n<div class=\"ub-pill\" role=\"status\" aria-label=\"Urgence et stock\">\n  <span class=\"ub-dot\" aria-hidden=\"true\"><\/span>\n  <span class=\"ub-line\">\n     Déstockage plus que  <strong class=\"ub-stock\">5<\/strong> en stock   <strong class=\"ub-hour\"><\/strong>\n  <\/span>\n<\/div>\n\n<style>\n  .ub-pill{\n    display:inline-flex; align-items:center; gap:.5rem;\n    padding:.55rem .9rem; border-radius:.9rem;\n    background:#0f1114; color:#FFF; \n    box-shadow:0 4px 14px rgba(0,0,0,.2);\n    font:700 14px\/1.2 system-ui,-apple-system,Segoe UI,Roboto,Arial;\n    white-space:nowrap;\n    \n    \/* --- centrage --- *\/\n    margin:.5rem auto !important; \n    display:flex; \n    justify-content:center;\n  }\n  .ub-line strong{ font-weight:800 }\n  .ub-dot{\n    width:10px; height:10px; border-radius:50%;\n    background:#f4af29; box-shadow:0 0 8px #f4af29, 0 0 16px #f4af29;\n    animation:ub-glow 2.6s ease-in-out infinite;\n  }\n  @keyframes ub-glow{\n    0%,100%{ box-shadow:0 0 6px #f4af29, 0 0 10px #f4af29; transform:scale(1); }\n    50%    { box-shadow:0 0 18px #f4af29, 0 0 28px #f4af29; transform:scale(1.06); }\n  }\n  @media (prefers-reduced-motion: reduce){ .ub-dot{ animation:none } }\n<\/style>"}},"custom_liquid_HJWhxi":{"type":"custom_liquid","settings":{"custom_liquid":""}},"custom_liquid_HR33zg":{"type":"custom_liquid","settings":{"custom_liquid":"<div id='ss-product-videos'><\/div>"}},"collapsible_tab_fDU3Ma":{"type":"collapsible_tab","settings":{"heading":"En combien de temps vais-je recevoir ma commande ?","icon":"none","content":"<p>Votre commande est préparée sous 24h\/48h  et livrée rapidement en 3 à 6 jours ouvrés par nos partenaires de confiance (La Poste, Colissimo, etc.).  Pour suivre le statuts de votre commande <a href=\"\/pages\/suivre-mon-colis\" title=\"Suivre mon colis\">ici<\/a><\/p>","page":"","default_open":false}},"collapsible_tab_YidfGm":{"type":"collapsible_tab","settings":{"heading":"Puis-je contacter facilement le service client ?","icon":"none","content":"<p>Bien sûr ! Notre équipe est disponible <strong>7j\/7 par email <\/strong> pour répondre à toutes vos questions et vous accompagner après l’achat.<\/p>","page":"","default_open":false}},"collapsible_tab_LepyE6":{"type":"collapsible_tab","settings":{"heading":"Le paiement est-il sécurisé ?","icon":"none","content":"<p>Oui ✅ Tous les paiements sont protégés par un système bancaire crypté (SSL). Vos informations ne sont jamais partagées.<\/p>","page":"","default_open":false}},"collapsible_tab_DJTgnc":{"type":"collapsible_tab","settings":{"heading":"Y a-t-il une garantie si je ne suis pas satisfait ?","icon":"none","content":"<p>Vous bénéficiez d’une garantie <strong>“satisfait ou remboursé 30 jours”<\/strong> : si vous n’êtes pas convaincu, vous pouvez nous retourner le produit et être remboursé.<\/p>","page":"","default_open":false}},"collapsible_tab_7crXXV":{"type":"collapsible_tab","settings":{"heading":"Où est expédié mon produit ?","icon":"none","content":"<p>Tous nos produits sont expédiés directement depuis nos entrepôts partenaires en Europe\/Asie, afin de garantir rapidité et fiabilité.<\/p>","page":"","default_open":false}}},"block_order":["custom_liquid_nQDhLR","title","text_K44UcU","custom_liquid_Y4RyAc","icon_with_text_my84yP","text_bDxDP8","kaching_bundles_app_block_eMKUn7","custom_liquid_deUCyq","icon_with_text_M3mPnc","buy_buttons_AgE3ze","custom_liquid_aaBbjC","gsc_countdown_timer_countdown_CUiR6G","custom_liquid_4YG4wE","custom_liquid_8gfmEB","custom_liquid_HJWhxi","custom_liquid_HR33zg","collapsible_tab_fDU3Ma","collapsible_tab_YidfGm","collapsible_tab_LepyE6","collapsible_tab_DJTgnc","collapsible_tab_7crXXV"],"settings":{"color_scheme":"scheme-1","enable_sticky_info":true,"media_size":"medium","gallery_layout":"carousel","mobile_thumbnails":"show","enable_image_zoom":false,"enable_video_looping":false,"padding_top":20,"padding_bottom":18}},"ss_product_vidoes_ApxP6x":{"type":"ss-product-vidoes","blocks":{"video_FHamnt":{"type":"video","settings":{"video":"shopify:\/\/files\/videos\/video 3.mp4","video_url":"","modal_heading":"<h4>Modal Heading<\/h4>","modal_text":"<p>Modal Text<\/p>"}},"video_w8xPJt":{"type":"video","settings":{"video":"shopify:\/\/files\/videos\/video1.mp4","video_url":"","modal_heading":"<h4>Modal Heading<\/h4>","modal_text":"<p>Modal Text<\/p>"}},"video_K7EYdY":{"type":"video","settings":{"video":"shopify:\/\/files\/videos\/video4.mp4","video_url":"https:\/\/www.youtube.com\/watch?v=_9VUPq3SxOc","modal_heading":"<h4>Modal Heading<\/h4>","modal_text":"<p>Modal Text<\/p>"}},"video_kpjwD8":{"type":"video","settings":{"video":"shopify:\/\/files\/videos\/video2.mp4","video_url":"https:\/\/www.youtube.com\/watch?v=_9VUPq3SxOc","modal_heading":"<h4>Modal Heading<\/h4>","modal_text":"<p>Modal Text<\/p>"}}},"block_order":["video_FHamnt","video_w8xPJt","video_K7EYdY","video_kpjwD8"],"name":"SS - Product Videos","settings":{"videos_position":"above_description","use_metafield":false,"heading":"","heading_custom":false,"heading_font":"josefin_sans_n4","heading_size":18,"heading_size_mobile":18,"heading_height":130,"heading_align":"center","heading_align_mobile":"center","slider_view":3,"slider_view_mobile":3,"slider_gap":16,"slider_gap_mobile":16,"slider_mt":20,"card_radius":10,"card_border_thickness":0,"card_shadow":true,"video_ratio":"portrait","video_ratio_mobile":"portrait","video_overlay":0.3,"icon_size":34,"icon_size_mobile":34,"icon_border_thickness":1,"icon_position_mobile":"bottom_left","icon_position":"bottom_left","hide_icon":false,"arrow_size":35,"arrow_size_mobile":35,"arrow_radius":5,"arrow_border_thickness":0,"arrow_hover_shadow":true,"arrow_show_desktop":true,"arrow_show_mobile":true,"show_content":false,"modal_width":30,"modal_width_mobile":95,"modal_padding_vertical":0,"modal_padding_vertical_mobile":0,"modal_padding_horizontal":0,"modal_padding_horizontal_mobile":0,"modal_radius":16,"modal_border_thickness":0,"modal_overlay":50,"close_size":42,"close_size_mobile":42,"close_radius":8,"close_border_thickness":0,"buttons_size":48,"buttons_size_mobile":48,"buttons_radius":8,"buttons_border_thickness":0,"modal_video_radius":0,"modal_video_border_thickness":0,"modal_video_ratio":"portrait","modal_video_ratio_mobile":"portrait","modal_heading_custom":false,"modal_heading_font":"josefin_sans_n4","modal_heading_size":28,"modal_heading_size_mobile":28,"modal_heading_height":130,"modal_heading_align":"center","modal_heading_align_mobile":"center","modal_text_custom":false,"modal_text_font":"josefin_sans_n4","modal_text_size":16,"modal_text_size_mobile":16,"modal_text_height":130,"modal_text_align":"center","modal_text_align_mobile":"center","modal_text_mt":16,"card_bg_color":"#ffffff","card_border_color":"#000000","card_shadow_color":"#000000","video_overlay_color":"#000000","icon_bg_color":"#000000","icon_border_color":"#ffffff","icon_color":"#ffffff","arrow_bg_color":"#ffffff","arrow_bg_hover_color":"#ffffff","arrow_border_color":"#000000","arrow_border_hover_color":"#000000","arrow_icon_color":"#1c1c1c","arrow_icon_hover_color":"#1c1c1c","modal_bg_color":"#ffffff","modal_border_color":"#000000","close_bg_color":"#ffffff","close_border_color":"#000000","close_icon_color":"#ffffff","buttons_bg_color":"#ffffff","buttons_border_color":"#000000","buttons_icon_color":"#ffffff","modal_video_border_color":"#000000","modal_content_bg_color":"#ffffff","modal_content_border_color":"#000000","modal_heading_color":"#000000","modal_text_color":"#000000","heading_color":"#000000","background_color":"#ffffff","background_gradient":"","border_color":"#000000","margin_top":0,"margin_bottom":0,"padding_top":0,"padding_bottom":20,"padding_horizontal":0,"padding_horizontal_mobile":0,"border_thickness":0,"lazy":true}},"image_with_text_4w6BLh":{"type":"image-with-text","blocks":{"heading_RDKbz6":{"type":"heading","settings":{"heading":"André Lecoq sur le Stylo Efface-Rayures","heading_size":"h4","heading_highlight_style":"none"}},"text_mHVwDC":{"type":"text","settings":{"text":"<p>\"Dans mon métier, chaque détail comptait. Une rayure, même légère, pouvait gâcher l’élégance d’une carrosserie. Ce stylo offre une solution simple et efficace : en quelques gestes, la surface retrouve son éclat et sa finesse. C’est un outil à la fois pratique et précis, digne d’un vrai carrossier.\"<\/p>","text_size":"text-base"}}},"block_order":["heading_RDKbz6","text_mHVwDC"],"disabled":true,"name":"t:sections.image-with-text.presets.name","settings":{"section_color_scheme":"","color_scheme":"","image":"shopify:\/\/shop_images\/Andre-Lecoq-600x402_1.webp","image_height":"adapt","layout":"image_first","desktop_content_position":"center","desktop_content_alignment":"left","enable_parallax":false,"parallax_direction":"zoom","mobile_content_alignment":"left","padding_top":66,"padding_bottom":0,"show_section_divider":false,"divider_width":"fixed"}},"image_gallery_AwVTkR":{"type":"image-gallery","blocks":{"image_kJGwQn":{"type":"image","settings":{"image":"shopify:\/\/shop_images\/sablee.webp","link":""}}},"block_order":["image_kJGwQn"],"disabled":true,"name":"t:sections.image-gallery.name","settings":{"color_scheme":"","header_layout":"horizontal","heading":"Effacez les rayures, retrouvez l’éclat.","heading_size":"h1","heading_highlight_style":"none","subheading":"","description":"<h3><\/h3><p>La puissance du <strong>Stylo Efface-Rayures<\/strong> réside dans sa combinaison unique d’ingrédients haute performance, spécialement conçus pour combler, lisser et protéger durablement la peinture :<\/p>","text_size":"text-base","button_label":"","button_link":"","button_style":"btn--primary","social_media":"none","columns":2,"column_gap":"medium","row_gap":"inherit","image_ratio":"1\/1","columns_mobile":"1","swipe_on_mobile":false,"padding_top":50,"padding_bottom":50,"show_section_divider":false,"divider_width":"fixed"}},"testimonials_6e97V7":{"type":"testimonials","blocks":{"testimonial_qj63Yk":{"type":"testimonial","settings":{"image":"shopify:\/\/shop_images\/hy.png","text":"<h6><em>Résultat immédiat ! Les rayures sont parties en quelques secondes, sans effort. Produit simple, efficace et vraiment pratique. Je recommande à 100%.<\/em><\/h6>","author":"Nicolas - Vérifié","bio":"","product":"","icon":"none"}},"testimonial_JLMXmU":{"type":"testimonial","settings":{"image":"shopify:\/\/shop_images\/tiez.png","text":"<h6>Je ne pensais pas que ça marcherait aussi bien ! En quelques gestes, les rayures ont disparu et le rendu est impeccable. Franchement bluffé par l’efficacité du produit.<\/h6>","author":"Thomas - Vérifié","bio":"","product":"","icon":"none"}},"testimonial_JnMeR3":{"type":"testimonial","settings":{"image":"shopify:\/\/shop_images\/iyu.png","text":"<h6>Très simple à utiliser et super efficace ! En quelques secondes seulement, j’ai vu une vraie différence. Je ne m’attendais pas à un résultat aussi propre aussi vite.<\/h6>","author":"Alexandre - Vérifié","bio":"","product":"","icon":"none"}}},"block_order":["testimonial_qj63Yk","testimonial_JLMXmU","testimonial_JnMeR3"],"name":"Testimonials","settings":{"color_scheme":"","heading":"","heading_size":"h1","heading_highlight_style":"none","subheading":"","description":"","text_size":"text-base","card_color_scheme":"","card_layout":"1","columns_desktop":4,"column_gap":"medium","enable_slider":true,"columns_mobile":"1","swipe_on_mobile":true,"padding_top":56,"padding_bottom":50,"show_section_divider":false,"divider_width":"fixed"}},"rich_text_MfUpp8":{"type":"rich-text","blocks":{"heading_Wfaz8Q":{"type":"heading","settings":{"heading":"Des résultats visibles sur toutes les couleurs","heading_size":"hd2","heading_highlight_style":"underline"}},"text_Lczhf7":{"type":"text","settings":{"text":"<p>Des résultats visibles dès la première application. Les rayures s’estompent en quelques secondes, sans effort.<\/p>","text_size":"text-base"}}},"block_order":["heading_Wfaz8Q","text_Lczhf7"],"name":"t:sections.rich-text.presets.name","settings":{"color_scheme":"","content_alignment":"center","padding_top":34,"padding_bottom":18,"show_section_divider":false,"divider_width":"fixed"}},"slideshow_6rw6kb":{"type":"slideshow","blocks":{"slide_pX9hBJ":{"type":"slide","settings":{"color_scheme":"","background":"shopify:\/\/shop_images\/iyu.png","background_mobile":"shopify:\/\/shop_images\/iyu.png","image_overlay_opacity":0,"content_position":"middle-center","text_alignment":"center","title":"","heading_size":"hd1","subheading":"","description":"","description_size":"text-base","button_label":"","button_link":"","button_style":"btn--primary"}},"slide_LFbLeE":{"type":"slide","settings":{"color_scheme":"","background_mobile":"shopify:\/\/shop_images\/tr.png","image_overlay_opacity":0,"content_position":"middle-center","text_alignment":"center","title":"","heading_size":"hd1","subheading":"","description":"","description_size":"text-base","button_label":"","button_link":"","button_style":"btn--primary"}}},"block_order":["slide_pX9hBJ","slide_LFbLeE"],"name":"t:sections.slideshow.name","settings":{"container":"full","layout":"centered","slide_height":"large","show_dots":true,"autoplay":false,"autoplay_delay":3,"controls_position":"bottom","show_text_below":false,"text_alignment_mobile":"center","accessibility_info":"Slideshow about our brand"}},"image_comparison_nyfMFE":{"type":"image-comparison","blocks":{"image_7r9Q9G":{"type":"image","settings":{"image":"shopify:\/\/shop_images\/f_g_d07b16af-c9a6-4d05-b804-66033ed6aa05.png","heading":"Avant","color_scheme":""}},"image_QTy8F7":{"type":"image","settings":{"image":"shopify:\/\/shop_images\/f_g_ff50ad62-b82a-417a-8559-6f53c0e70cf5.png","heading":"After","color_scheme":""}}},"block_order":["image_7r9Q9G","image_QTy8F7"],"disabled":true,"name":"t:sections.image-comparison.presets.name","settings":{"container":"small","color_scheme":"","header_layout":"vertical","heading":"","heading_size":"h1","heading_highlight_style":"none","subheading":"","description":"","description_size":"text-base","button_label":"","button_link":"","button_style":"btn--primary","direction":"horizontal","image_height":"medium","image_heading_style":"badge","product":"","padding_top":0,"padding_bottom":0,"show_section_divider":false,"divider_width":"fixed"}},"image_comparison_FjVkxA":{"type":"image-comparison","blocks":{"image_dNBQme":{"type":"image","settings":{"image":"shopify:\/\/shop_images\/uno.png","heading":"Avant","color_scheme":""}},"image_DCW6jB":{"type":"image","settings":{"image":"shopify:\/\/shop_images\/uno_51fe26c0-d358-4dd5-99c9-92f717deb157.png","heading":"After","color_scheme":""}}},"block_order":["image_dNBQme","image_DCW6jB"],"disabled":true,"name":"t:sections.image-comparison.presets.name","settings":{"container":"small","color_scheme":"","header_layout":"vertical","heading":"Et même sur différentes couleurs :","heading_size":"h1","heading_highlight_style":"none","subheading":"","description":"","description_size":"text-base","button_label":"","button_link":"","button_style":"btn--primary","direction":"horizontal","image_height":"medium","image_heading_style":"badge","product":"","padding_top":0,"padding_bottom":0,"show_section_divider":false,"divider_width":"fixed"}},"rich_text_NaWa86":{"type":"rich-text","blocks":{"heading_4gz8X8":{"type":"heading","settings":{"heading":"Réparation express en 2 étapes","heading_size":"h1","heading_highlight_style":"none"}}},"block_order":["heading_4gz8X8"],"name":"t:sections.rich-text.presets.name","settings":{"color_scheme":"","content_alignment":"center","padding_top":50,"padding_bottom":50,"show_section_divider":false,"divider_width":"fixed"}},"slideshow_fX8yMk":{"type":"slideshow","blocks":{"slide_hMTCrW":{"type":"slide","settings":{"color_scheme":"","background":"shopify:\/\/shop_images\/etape_1_opti.webp","background_mobile":"shopify:\/\/shop_images\/etape_1_opti.webp","image_overlay_opacity":0,"content_position":"middle-center","text_alignment":"center","title":"","heading_size":"hd1","subheading":"Préparez le stylo :","description":"<p>en retournant l’embout et en faisant sortir le liquide réparateur.<\/p>","description_size":"text-base","button_label":"","button_link":"","button_style":"btn--primary"}},"slide_xNz6AG":{"type":"slide","settings":{"color_scheme":"","background":"shopify:\/\/shop_images\/etape_2_opti.webp","background_mobile":"shopify:\/\/shop_images\/etape_2_opti.webp","image_overlay_opacity":0,"content_position":"middle-center","text_alignment":"center","title":"","heading_size":"hd1","subheading":"Effacez la rayure :","description":"<p>en appliquant le stylo puis en frottant avec le chiffon.<\/p>","description_size":"text-base","button_label":"","button_link":"","button_style":"btn--primary"}}},"block_order":["slide_hMTCrW","slide_xNz6AG"],"name":"t:sections.slideshow.name","settings":{"container":"full","layout":"centered","slide_height":"large","show_dots":true,"autoplay":true,"autoplay_delay":3,"controls_position":"bottom","show_text_below":true,"text_alignment_mobile":"center","accessibility_info":"Slideshow about our brand"}},"1754508701624713ec":{"type":"apps","blocks":{"loox_reviews_loox_dynamic_section_y9FWdw":{"type":"shopify:\/\/apps\/loox-reviews\/blocks\/loox-dynamic-section\/5c3b337f-fd14-4df5-b1d6-80ec13e6e28e","settings":{"only_photos":false,"aggregated":true,"limit":10,"hide_thumbnails":true,"maxwidth":1080,"is_sample":false}}},"block_order":["loox_reviews_loox_dynamic_section_y9FWdw"],"settings":{"include_margins":true,"padding_top":0,"padding_bottom":0}},"collapsible_tabs_paPJTy":{"type":"collapsible-tabs","blocks":{"collapsible_item_TChNai":{"type":"collapsible_item","settings":{"icon":"none","heading":"Comment utiliser le stylo ?","content":"<p><strong>1.<\/strong>Appuyez la pointe du stylo sur une surface dure pour laisser couler le liquide et imbiber la pointe.                              <strong>2<\/strong>.Appliquez une petite quantité sur la rayure à effacer, en veillant à ne pas en mettre ailleurs sur la carrosserie.<br\/><strong>3.<\/strong>Attendez 3 heures.                                           <strong>4.<\/strong>Profitez ! Votre voiture est comme neuve.<\/p>","custom_liquid":"","page":"","open":false}},"collapsible_item_rNJxMt":{"type":"collapsible_item","settings":{"icon":"none","heading":"Le stylo fonctionne-t-il sur toutes les peintures de voiture ?","content":"<p>Oui ! Le stylo fonctionne sur toutes les peintures standards, ce qui le rend compatible avec 99 % des véhicules.<br\/><br\/>Les seules exceptions concernent des finitions rares comme le mat ou le satiné.<\/p>","custom_liquid":"","page":"","open":false}},"collapsible_item_PPUAQE":{"type":"collapsible_item","settings":{"icon":"none","heading":"Puis-je utiliser le stylo sur plusieurs couleurs ?","content":"<p>Absolument ! Il suffit d’essuyer la pointe du stylo entre deux couleurs.<\/p>","custom_liquid":"","page":"","open":false}},"collapsible_item_R78iJ3":{"type":"collapsible_item","settings":{"icon":"none","heading":"Est-ce que cela abîme la peinture de ma voiture ?","content":"<p>Pas du tout. Le produit est sûr, facile à utiliser et n’endommage ni la peinture d’origine ni le vernis.<\/p>","custom_liquid":"","page":"","open":false}},"collapsible_item_M3FcD9":{"type":"collapsible_item","settings":{"icon":"none","heading":"Combien de temps durent les résultats ?","content":"<p>Les résultats sont permanents – aucune réapplication nécessaire.<br\/>Votre voiture reste protégée et sans rayures pendant des années.<\/p>","custom_liquid":"","page":"","open":false}},"collapsible_item_Jj3CPC":{"type":"collapsible_item","settings":{"icon":"none","heading":"Combien de rayures un stylo peut-il réparer ?","content":"<p>Un stylo peut couvrir jusqu’à <strong>30 mètres de rayures<\/strong>.<br\/>Veillez simplement à bien refermer le capuchon pour éviter que le produit ne sèche.<\/p>","custom_liquid":"","page":"","open":false}},"collapsible_item_D6Tefj":{"type":"collapsible_item","settings":{"icon":"none","heading":"Puis-je laver ma voiture normalement après utilisation ?","content":"<p>Bien sûr ! Les lavages haute pression ou les méthodes standards de lavage de voiture n’affecteront pas le résultat.<\/p>","custom_liquid":"","page":"","open":false}},"collapsible_item_VYUdTD":{"type":"collapsible_item","settings":{"icon":"none","heading":"Comment enlever l’excédent de produit séché ?","content":"<p>Si le produit a séché et qu’il reste un excédent, pas d’inquiétude.<br\/>Appliquez simplement une petite quantité d’acétone sur un chiffon doux et frottez délicatement jusqu’à disparition.<\/p>","custom_liquid":"","page":"","open":false}}},"block_order":["collapsible_item_TChNai","collapsible_item_rNJxMt","collapsible_item_PPUAQE","collapsible_item_R78iJ3","collapsible_item_M3FcD9","collapsible_item_Jj3CPC","collapsible_item_D6Tefj","collapsible_item_VYUdTD"],"name":"t:sections.collapsible-tabs.presets.name","settings":{"container":"fixed","color_scheme":"","header_layout":"vertical","heading":"FAQ","heading_size":"h1","heading_highlight_style":"none","subheading":"","description":"<p>Question frèquentes :<\/p>","text_size":"text-base","button_label":"","button_link":"","button_style":"btn--primary","column_gap":"large","row_gap":"inherit","item_style":"card","item_color_scheme":"","item_heading_font":"heading","item_heading_size":"h4","item_icon_size":"extra-large","padding_top":8,"padding_bottom":0,"show_section_divider":false,"divider_width":"fixed"}},"contact_form_CaQkWF":{"type":"contact-form","blocks":{"custom_field_hH8JgK":{"type":"custom_field","settings":{"field_type":"phone","heading":"","placeholder":"","required":false,"full_width":true,"select_options":"","checkbox_checked_value":"oui","checkbox_uncheck_value":"non","radio_options":""}}},"block_order":["custom_field_hH8JgK"],"name":"t:sections.contact-form.presets.name","settings":{"section_color_scheme":"","color_scheme":"scheme-1","heading":"une question ?","heading_size":"hd2","heading_highlight_style":"none","padding_top":0,"padding_bottom":0,"show_section_divider":false,"divider_width":"fixed"}}},"order":["slideshow_xTE93J","scrolling_promotion_jC3ptW","image_gallery_JQGFtd","slideshow_Xc7rJ8","rich_text_xte9Wm","slideshow_XHzfwU","testimonials_yD7qAV","custom_liquid_hag7Wx","testimonials_UCFK9E","main","ss_product_vidoes_ApxP6x","image_with_text_4w6BLh","image_gallery_AwVTkR","testimonials_6e97V7","rich_text_MfUpp8","slideshow_6rw6kb","image_comparison_nyfMFE","image_comparison_FjVkxA","rich_text_NaWa86","slideshow_fX8yMk","1754508701624713ec","collapsible_tabs_paPJTy","contact_form_CaQkWF"]}