{"name":"t:sections.footer.name","type":"footer","sections":{"footer":{"type":"footer","blocks":{"contact_information_hc866D":{"type":"contact_information","settings":{"block_width":25,"heading":"Contact","heading_size":"h4","address":"","working_hours":"7j\/7 24h\/24","email":"info@magicar.fr","phone":"","open_default":true,"show_divider":false}},"menu_DEKGYP":{"type":"menu","settings":{"block_width":17,"heading":"Politique","heading_size":"h4","menu":"politique","open_default":false,"show_divider":false}}},"block_order":["contact_information_hc866D","menu_DEKGYP"],"custom_css":[".form-control {--color-border: var(--color-field);}"],"settings":{"color_scheme":"scheme-1","enable_follow_on_shop":true,"show_social":true,"enable_country_selector":true,"enable_language_selector":false,"payment_enable":true,"footer_bottom_menu":"","show_section_divider":true,"divider_width":"full"}}},"order":["footer"]}