{"name":"t:sections.header.name","type":"header","sections":{"1755820847c90856ca":{"type":"apps","blocks":{"gsc_countdown_timer_countdown_pcHzHL":{"type":"shopify:\/\/apps\/gsc-countdown-timer\/blocks\/countdown\/58dc5b1b-43d2-4209-b1f3-52aff31643ed","disabled":true,"settings":{"widget_id":""}}},"block_order":["gsc_countdown_timer_countdown_pcHzHL"],"disabled":true,"settings":{"include_margins":true,"padding_top":0,"padding_bottom":0}},"scrolling_promotion_KhdTdc":{"type":"scrolling-promotion","blocks":{"text_niHbzP":{"type":"text","settings":{"text":"N°1 en france","text_link":"","text_size":"text-base","font_weight":"font-heading","font_style":"normal","letter_spacing":1,"text_opacity":100,"text_style":"normal","use_custom_color":false,"custom_color":"#000000"}},"text_EE48XX":{"type":"text","settings":{"text":"Satisfait ou remboursé","text_link":"","text_size":"text-base","font_weight":"font-heading","font_style":"normal","letter_spacing":1,"text_opacity":100,"text_style":"normal","use_custom_color":false,"custom_color":"#000000"}},"text_TWFiiq":{"type":"text","settings":{"text":"Déstockage été","text_link":"","text_size":"text-base","font_weight":"font-heading","font_style":"normal","letter_spacing":1,"text_opacity":100,"text_style":"normal","use_custom_color":false,"custom_color":"#000000"}}},"block_order":["text_niHbzP","text_EE48XX","text_TWFiiq"],"settings":{"color_scheme":"scheme-11","vertical_alignment":"center","direction":"right","pause_on_hover":false,"speed":0.1,"h_spacing":60,"v_spacing":0,"padding_top":12,"padding_bottom":12,"show_divider":false,"divider_layout":"vertical"}},"header":{"type":"header","settings":{"container":"fixed","color_scheme":"scheme-1","menu":"home","menu_mobile":"home","header_layout":"center-left","sticky_header":"always","menu_trigger":"click","show_sperator_line":true,"enable_transparent_header":false,"transparent_header_color":"#ffffff","logo_mobile_position":"center","show_social_media_icons":true,"enable_language_selector":true,"enable_country_selector":true,"padding_top":20,"padding_bottom":20}}},"order":["1755820847c90856ca","scrolling_promotion_KhdTdc","header"]}