{"name":"Overlay group","type":"custom.overlay","sections":{"cart-drawer":{"type":"cart-drawer","settings":{"show_cart_note":false,"show_shipping_rates_calculator":false,"show_free_shipping_goal":true,"enable_cart_recommendations":false,"cart_recommendations_heading":"You may also like","cart_recommendations_limit":3}},"search-drawer":{"type":"search-drawer","settings":{}},"quick-view":{"type":"quick-view","blocks":{"title":{"type":"title","settings":{"heading_size":"h1"}},"price":{"type":"price","settings":{}},"inventory":{"type":"inventory","settings":{"text_style":"body","inventory_threshold":20,"show_inventory_quantity":true}},"description":{"type":"description","settings":{}},"variant_picker":{"type":"variant_picker","settings":{"picker_type":"button","swatch_type":"color_swatch","button_style":"standard","button_size":40,"size_title":"Size","size_chart_from_page":""}},"buy_buttons":{"type":"buy_buttons","settings":{"show_quantity_selector":true,"show_dynamic_checkout":true,"show_gift_card_recipient":true}}},"block_order":["title","price","inventory","description","variant_picker","buy_buttons"],"settings":{"enable_video_looping":true}},"popup":{"type":"popup","blocks":{"image":{"type":"image","settings":{"image":"shopify:\/\/shop_images\/n.png","image_position":"left"}},"heading":{"type":"heading","settings":{"heading":"🎉-5% sur votre première commande","text_size":"hd3"}},"code_Xh3bt7":{"type":"code","settings":{"discount_code":"BIENVENUE5","apply_button":"COPIER LE CODE"}},"text":{"type":"text","settings":{"text":"<p>CADEAUX POUR NOS NOUVEAUX CLIENTS !<\/p>","text_size":"text-base"}},"socials":{"type":"socials","settings":{}}},"block_order":["image","heading","code_Xh3bt7","text","socials"],"settings":{"enable":true,"show_for_homepage_only":false,"show_for_visitors_only":true,"trigger_open":"delay","repeat_open":"every_30_mins","alignment":"center","width":555,"show_teaser":false,"teaser_button_text":"Promotions","teaser_popup_bg":"#d63a2f","teaser_popup_text":"#ffffff"}}},"order":["cart-drawer","search-drawer","quick-view","popup"]}